alinea_id,alinea_numero,alinea_conteudo,paragrafo_id
1,i,conteudo 1,1486
2,d,conteudo 2,819
3,f,conteudo 3,314
4,i,conteudo 4,1367
5,d,conteudo 5,1234
6,e,conteudo 6,857
7,d,conteudo 7,754
8,c,conteudo 8,707
9,f,conteudo 9,1384
10,d,conteudo 10,1201
11,h,conteudo 11,1257
12,a,conteudo 12,1354
13,h,conteudo 13,669
14,f,conteudo 14,650
15,g,conteudo 15,1060
16,b,conteudo 16,569
17,e,conteudo 17,1305
18,h,conteudo 18,147
19,g,conteudo 19,1404
20,h,conteudo 20,1486
21,d,conteudo 21,1378
22,d,conteudo 22,1273
23,f,conteudo 23,316
24,a,conteudo 24,209
25,e,conteudo 25,1002
26,f,conteudo 26,846
27,b,conteudo 27,1302
28,e,conteudo 28,1064
29,g,conteudo 29,941
30,d,conteudo 30,241
31,a,conteudo 31,688
32,b,conteudo 32,457
33,h,conteudo 33,679
34,e,conteudo 34,1315
35,h,conteudo 35,836
36,d,conteudo 36,1465
37,b,conteudo 37,832
38,f,conteudo 38,194
39,h,conteudo 39,708
40,c,conteudo 40,1392
41,i,conteudo 41,989
42,h,conteudo 42,680
43,g,conteudo 43,292
44,d,conteudo 44,172
45,h,conteudo 45,593
46,f,conteudo 46,285
47,d,conteudo 47,639
48,e,conteudo 48,1425
49,c,conteudo 49,972
50,e,conteudo 50,583
51,e,conteudo 51,668
52,h,conteudo 52,673
53,f,conteudo 53,604
54,h,conteudo 54,405
55,a,conteudo 55,849
56,g,conteudo 56,209
57,e,conteudo 57,211
58,e,conteudo 58,647
59,i,conteudo 59,252
60,h,conteudo 60,1239
61,h,conteudo 61,1438
62,e,conteudo 62,1061
63,c,conteudo 63,250
64,f,conteudo 64,1475
65,c,conteudo 65,257
66,i,conteudo 66,1137
67,e,conteudo 67,1117
68,b,conteudo 68,362
69,c,conteudo 69,207
70,f,conteudo 70,1205
71,f,conteudo 71,414
72,c,conteudo 72,173
73,a,conteudo 73,308
74,e,conteudo 74,85
75,h,conteudo 75,302
76,g,conteudo 76,1286
77,c,conteudo 77,1418
78,a,conteudo 78,1353
79,g,conteudo 79,543
80,h,conteudo 80,1093
81,g,conteudo 81,408
82,e,conteudo 82,1403
83,i,conteudo 83,822
84,d,conteudo 84,1201
85,h,conteudo 85,368
86,i,conteudo 86,821
87,h,conteudo 87,1149
88,h,conteudo 88,772
89,c,conteudo 89,431
90,g,conteudo 90,970
91,e,conteudo 91,703
92,c,conteudo 92,1425
93,e,conteudo 93,1088
94,f,conteudo 94,223
95,i,conteudo 95,1187
96,g,conteudo 96,1288
97,g,conteudo 97,466
98,g,conteudo 98,733
99,d,conteudo 99,691
100,b,conteudo 100,565
101,g,conteudo 101,483
102,d,conteudo 102,361
103,e,conteudo 103,326
104,a,conteudo 104,1398
105,f,conteudo 105,997
106,g,conteudo 106,18
107,h,conteudo 107,830
108,d,conteudo 108,1201
109,i,conteudo 109,1349
110,f,conteudo 110,840
111,b,conteudo 111,1018
112,f,conteudo 112,1483
113,f,conteudo 113,337
114,b,conteudo 114,796
115,e,conteudo 115,749
116,h,conteudo 116,386
117,f,conteudo 117,961
118,c,conteudo 118,767
119,d,conteudo 119,1228
120,d,conteudo 120,554
121,h,conteudo 121,739
122,b,conteudo 122,298
123,d,conteudo 123,674
124,g,conteudo 124,986
125,a,conteudo 125,352
126,a,conteudo 126,166
127,e,conteudo 127,1407
128,g,conteudo 128,832
129,i,conteudo 129,839
130,h,conteudo 130,280
131,a,conteudo 131,371
132,h,conteudo 132,506
133,d,conteudo 133,1304
134,a,conteudo 134,1131
135,c,conteudo 135,1417
136,d,conteudo 136,505
137,a,conteudo 137,878
138,i,conteudo 138,1136
139,e,conteudo 139,510
140,i,conteudo 140,872
141,g,conteudo 141,602
142,f,conteudo 142,381
143,c,conteudo 143,480
144,a,conteudo 144,917
145,h,conteudo 145,1411
146,i,conteudo 146,701
147,a,conteudo 147,600
148,a,conteudo 148,1104
149,d,conteudo 149,1225
150,h,conteudo 150,1085
151,g,conteudo 151,454
152,c,conteudo 152,336
153,f,conteudo 153,405
154,g,conteudo 154,915
155,b,conteudo 155,1500
156,b,conteudo 156,409
157,b,conteudo 157,1343
158,f,conteudo 158,310
159,b,conteudo 159,985
160,d,conteudo 160,1284
161,b,conteudo 161,531
162,g,conteudo 162,742
163,f,conteudo 163,67
164,d,conteudo 164,263
165,e,conteudo 165,746
166,c,conteudo 166,325
167,g,conteudo 167,122
168,g,conteudo 168,352
169,a,conteudo 169,1407
170,e,conteudo 170,1341
171,i,conteudo 171,650
172,f,conteudo 172,684
173,b,conteudo 173,215
174,g,conteudo 174,743
175,e,conteudo 175,1462
176,b,conteudo 176,104
177,d,conteudo 177,1308
178,f,conteudo 178,476
179,e,conteudo 179,1427
180,c,conteudo 180,440
181,b,conteudo 181,1472
182,i,conteudo 182,1211
183,h,conteudo 183,1331
184,c,conteudo 184,69
185,i,conteudo 185,149
186,i,conteudo 186,475
187,i,conteudo 187,847
188,g,conteudo 188,859
189,b,conteudo 189,591
190,h,conteudo 190,580
191,g,conteudo 191,620
192,b,conteudo 192,1105
193,e,conteudo 193,2
194,a,conteudo 194,377
195,c,conteudo 195,409
196,h,conteudo 196,565
197,h,conteudo 197,550
198,g,conteudo 198,743
199,g,conteudo 199,1372
200,g,conteudo 200,409
201,g,conteudo 201,7
202,h,conteudo 202,1384
203,h,conteudo 203,2
204,a,conteudo 204,605
205,f,conteudo 205,1306
206,i,conteudo 206,409
207,d,conteudo 207,55
208,g,conteudo 208,302
209,h,conteudo 209,1377
210,d,conteudo 210,1168
211,g,conteudo 211,1269
212,a,conteudo 212,433
213,e,conteudo 213,1364
214,e,conteudo 214,989
215,a,conteudo 215,497
216,b,conteudo 216,901
217,e,conteudo 217,773
218,e,conteudo 218,250
219,f,conteudo 219,898
220,b,conteudo 220,1410
221,d,conteudo 221,625
222,f,conteudo 222,1492
223,e,conteudo 223,590
224,c,conteudo 224,78
225,c,conteudo 225,428
226,f,conteudo 226,623
227,e,conteudo 227,482
228,c,conteudo 228,1360
229,h,conteudo 229,1217
230,b,conteudo 230,500
231,a,conteudo 231,864
232,i,conteudo 232,1036
233,h,conteudo 233,1029
234,d,conteudo 234,846
235,a,conteudo 235,846
236,b,conteudo 236,694
237,c,conteudo 237,1348
238,d,conteudo 238,1341
239,i,conteudo 239,836
240,d,conteudo 240,909
241,f,conteudo 241,1189
242,h,conteudo 242,972
243,d,conteudo 243,239
244,g,conteudo 244,874
245,b,conteudo 245,760
246,b,conteudo 246,487
247,f,conteudo 247,1081
248,i,conteudo 248,1269
249,h,conteudo 249,1038
250,g,conteudo 250,1356
251,b,conteudo 251,1489
252,b,conteudo 252,1362
253,e,conteudo 253,1341
254,b,conteudo 254,1021
255,a,conteudo 255,1467
256,f,conteudo 256,930
257,a,conteudo 257,833
258,h,conteudo 258,115
259,h,conteudo 259,1311
260,f,conteudo 260,654
261,g,conteudo 261,1172
262,f,conteudo 262,953
263,g,conteudo 263,1207
264,f,conteudo 264,511
265,i,conteudo 265,1078
266,g,conteudo 266,376
267,i,conteudo 267,291
268,c,conteudo 268,582
269,e,conteudo 269,471
270,b,conteudo 270,108
271,i,conteudo 271,705
272,h,conteudo 272,658
273,b,conteudo 273,237
274,b,conteudo 274,484
275,i,conteudo 275,997
276,a,conteudo 276,538
277,e,conteudo 277,233
278,a,conteudo 278,863
279,f,conteudo 279,931
280,b,conteudo 280,770
281,h,conteudo 281,272
282,e,conteudo 282,441
283,c,conteudo 283,351
284,g,conteudo 284,628
285,i,conteudo 285,1247
286,i,conteudo 286,784
287,f,conteudo 287,841
288,i,conteudo 288,1148
289,e,conteudo 289,1350
290,e,conteudo 290,731
291,f,conteudo 291,117
292,f,conteudo 292,1176
293,e,conteudo 293,1317
294,g,conteudo 294,615
295,c,conteudo 295,513
296,d,conteudo 296,92
297,h,conteudo 297,78
298,a,conteudo 298,556
299,c,conteudo 299,1423
300,g,conteudo 300,345
301,d,conteudo 301,129
302,a,conteudo 302,322
303,g,conteudo 303,234
304,d,conteudo 304,596
305,d,conteudo 305,1178
306,b,conteudo 306,579
307,d,conteudo 307,1487
308,i,conteudo 308,940
309,c,conteudo 309,1364
310,f,conteudo 310,798
311,e,conteudo 311,1463
312,d,conteudo 312,105
313,a,conteudo 313,1168
314,i,conteudo 314,396
315,c,conteudo 315,212
316,a,conteudo 316,993
317,d,conteudo 317,956
318,b,conteudo 318,1422
319,i,conteudo 319,817
320,e,conteudo 320,151
321,c,conteudo 321,48
322,i,conteudo 322,343
323,c,conteudo 323,420
324,g,conteudo 324,732
325,f,conteudo 325,1133
326,i,conteudo 326,1238
327,h,conteudo 327,1347
328,c,conteudo 328,619
329,a,conteudo 329,764
330,i,conteudo 330,1155
331,c,conteudo 331,1405
332,d,conteudo 332,758
333,c,conteudo 333,498
334,e,conteudo 334,988
335,h,conteudo 335,1125
336,e,conteudo 336,401
337,e,conteudo 337,821
338,a,conteudo 338,367
339,f,conteudo 339,1202
340,g,conteudo 340,1228
341,a,conteudo 341,805
342,d,conteudo 342,1454
343,g,conteudo 343,92
344,d,conteudo 344,930
345,c,conteudo 345,867
346,a,conteudo 346,985
347,h,conteudo 347,335
348,e,conteudo 348,727
349,f,conteudo 349,903
350,f,conteudo 350,132
351,d,conteudo 351,1384
352,a,conteudo 352,462
353,c,conteudo 353,614
354,f,conteudo 354,1492
355,f,conteudo 355,381
356,h,conteudo 356,340
357,f,conteudo 357,219
358,b,conteudo 358,546
359,e,conteudo 359,1139
360,f,conteudo 360,235
361,b,conteudo 361,812
362,b,conteudo 362,449
363,f,conteudo 363,181
364,h,conteudo 364,346
365,g,conteudo 365,291
366,f,conteudo 366,711
367,e,conteudo 367,809
368,b,conteudo 368,815
369,d,conteudo 369,1347
370,f,conteudo 370,1306
371,d,conteudo 371,597
372,f,conteudo 372,617
373,i,conteudo 373,1343
374,b,conteudo 374,1140
375,f,conteudo 375,1431
376,e,conteudo 376,65
377,b,conteudo 377,244
378,b,conteudo 378,133
379,e,conteudo 379,692
380,e,conteudo 380,1134
381,g,conteudo 381,335
382,i,conteudo 382,103
383,d,conteudo 383,192
384,h,conteudo 384,827
385,d,conteudo 385,230
386,b,conteudo 386,125
387,c,conteudo 387,375
388,f,conteudo 388,814
389,c,conteudo 389,647
390,b,conteudo 390,476
391,d,conteudo 391,377
392,g,conteudo 392,1330
393,f,conteudo 393,1028
394,e,conteudo 394,1118
395,a,conteudo 395,541
396,b,conteudo 396,562
397,c,conteudo 397,512
398,a,conteudo 398,84
399,b,conteudo 399,1210
400,c,conteudo 400,119
401,b,conteudo 401,777
402,h,conteudo 402,296
403,i,conteudo 403,1254
404,d,conteudo 404,937
405,d,conteudo 405,622
406,i,conteudo 406,584
407,h,conteudo 407,1033
408,d,conteudo 408,1312
409,c,conteudo 409,551
410,e,conteudo 410,1153
411,h,conteudo 411,599
412,c,conteudo 412,728
413,g,conteudo 413,899
414,a,conteudo 414,484
415,d,conteudo 415,1227
416,g,conteudo 416,1257
417,d,conteudo 417,83
418,d,conteudo 418,975
419,e,conteudo 419,1278
420,b,conteudo 420,1181
421,a,conteudo 421,1380
422,d,conteudo 422,127
423,b,conteudo 423,257
424,g,conteudo 424,676
425,a,conteudo 425,209
426,h,conteudo 426,227
427,g,conteudo 427,923
428,i,conteudo 428,149
429,f,conteudo 429,167
430,d,conteudo 430,1387
431,a,conteudo 431,613
432,h,conteudo 432,908
433,g,conteudo 433,364
434,b,conteudo 434,522
435,h,conteudo 435,574
436,c,conteudo 436,624
437,i,conteudo 437,646
438,d,conteudo 438,1429
439,c,conteudo 439,442
440,d,conteudo 440,175
441,i,conteudo 441,780
442,h,conteudo 442,469
443,c,conteudo 443,1469
444,e,conteudo 444,1500
445,d,conteudo 445,550
446,c,conteudo 446,1022
447,b,conteudo 447,1484
448,f,conteudo 448,1259
449,h,conteudo 449,292
450,h,conteudo 450,318
451,g,conteudo 451,824
452,i,conteudo 452,895
453,f,conteudo 453,784
454,i,conteudo 454,186
455,b,conteudo 455,823
456,i,conteudo 456,637
457,g,conteudo 457,1061
458,d,conteudo 458,63
459,i,conteudo 459,746
460,g,conteudo 460,587
461,d,conteudo 461,754
462,a,conteudo 462,1362
463,a,conteudo 463,383
464,e,conteudo 464,187
465,e,conteudo 465,341
466,e,conteudo 466,397
467,f,conteudo 467,900
468,b,conteudo 468,741
469,b,conteudo 469,1004
470,a,conteudo 470,1276
471,e,conteudo 471,440
472,d,conteudo 472,412
473,e,conteudo 473,824
474,f,conteudo 474,557
475,d,conteudo 475,1224
476,c,conteudo 476,253
477,h,conteudo 477,103
478,f,conteudo 478,1000
479,i,conteudo 479,864
480,e,conteudo 480,811
481,h,conteudo 481,1020
482,h,conteudo 482,1048
483,g,conteudo 483,1066
484,e,conteudo 484,160
485,b,conteudo 485,486
486,i,conteudo 486,1196
487,f,conteudo 487,355
488,h,conteudo 488,555
489,a,conteudo 489,289
490,h,conteudo 490,500
491,a,conteudo 491,825
492,g,conteudo 492,741
493,e,conteudo 493,632
494,d,conteudo 494,1373
495,f,conteudo 495,1053
496,h,conteudo 496,11
497,b,conteudo 497,1300
498,c,conteudo 498,313
499,g,conteudo 499,1152
500,a,conteudo 500,175
501,f,conteudo 501,1
502,b,conteudo 502,743
503,b,conteudo 503,1184
504,b,conteudo 504,821
505,i,conteudo 505,1257
506,e,conteudo 506,1383
507,b,conteudo 507,1001
508,g,conteudo 508,601
509,e,conteudo 509,1175
510,c,conteudo 510,643
511,b,conteudo 511,153
512,g,conteudo 512,272
513,c,conteudo 513,75
514,d,conteudo 514,472
515,c,conteudo 515,13
516,f,conteudo 516,1037
517,c,conteudo 517,374
518,b,conteudo 518,612
519,c,conteudo 519,292
520,a,conteudo 520,760
521,i,conteudo 521,1359
522,c,conteudo 522,943
523,f,conteudo 523,1195
524,i,conteudo 524,336
525,c,conteudo 525,1467
526,c,conteudo 526,299
527,c,conteudo 527,98
528,b,conteudo 528,1306
529,b,conteudo 529,678
530,i,conteudo 530,824
531,b,conteudo 531,429
532,c,conteudo 532,613
533,a,conteudo 533,338
534,d,conteudo 534,1231
535,a,conteudo 535,1141
536,e,conteudo 536,689
537,h,conteudo 537,946
538,i,conteudo 538,537
539,e,conteudo 539,320
540,a,conteudo 540,1286
541,a,conteudo 541,1068
542,e,conteudo 542,1477
543,i,conteudo 543,1440
544,c,conteudo 544,618
545,a,conteudo 545,1413
546,a,conteudo 546,1263
547,e,conteudo 547,838
548,f,conteudo 548,868
549,f,conteudo 549,85
550,a,conteudo 550,1041
551,f,conteudo 551,786
552,h,conteudo 552,1299
553,d,conteudo 553,335
554,a,conteudo 554,904
555,i,conteudo 555,852
556,h,conteudo 556,1087
557,e,conteudo 557,420
558,c,conteudo 558,1021
559,f,conteudo 559,145
560,g,conteudo 560,1193
561,b,conteudo 561,1368
562,d,conteudo 562,75
563,b,conteudo 563,18
564,h,conteudo 564,352
565,h,conteudo 565,1497
566,e,conteudo 566,146
567,d,conteudo 567,521
568,g,conteudo 568,710
569,c,conteudo 569,704
570,d,conteudo 570,986
571,e,conteudo 571,581
572,a,conteudo 572,730
573,a,conteudo 573,1055
574,a,conteudo 574,1341
575,i,conteudo 575,784
576,h,conteudo 576,62
577,f,conteudo 577,322
578,h,conteudo 578,1175
579,i,conteudo 579,905
580,a,conteudo 580,744
581,c,conteudo 581,172
582,e,conteudo 582,312
583,b,conteudo 583,217
584,a,conteudo 584,1254
585,d,conteudo 585,679
586,b,conteudo 586,1128
587,f,conteudo 587,25
588,b,conteudo 588,1027
589,c,conteudo 589,209
590,i,conteudo 590,538
591,a,conteudo 591,202
592,d,conteudo 592,246
593,b,conteudo 593,1388
594,h,conteudo 594,861
595,a,conteudo 595,56
596,d,conteudo 596,1222
597,a,conteudo 597,1091
598,i,conteudo 598,1403
599,d,conteudo 599,248
600,c,conteudo 600,1351
601,i,conteudo 601,1280
602,e,conteudo 602,731
603,e,conteudo 603,1398
604,h,conteudo 604,1228
605,b,conteudo 605,156
606,g,conteudo 606,896
607,d,conteudo 607,264
608,i,conteudo 608,1367
609,b,conteudo 609,793
610,h,conteudo 610,57
611,h,conteudo 611,561
612,d,conteudo 612,1146
613,i,conteudo 613,349
614,e,conteudo 614,1474
615,b,conteudo 615,573
616,g,conteudo 616,288
617,i,conteudo 617,155
618,a,conteudo 618,81
619,h,conteudo 619,141
620,c,conteudo 620,1001
621,e,conteudo 621,531
622,i,conteudo 622,82
623,a,conteudo 623,239
624,g,conteudo 624,1243
625,c,conteudo 625,949
626,a,conteudo 626,1495
627,b,conteudo 627,805
628,d,conteudo 628,136
629,i,conteudo 629,1485
630,a,conteudo 630,182
631,b,conteudo 631,761
632,i,conteudo 632,536
633,b,conteudo 633,299
634,f,conteudo 634,523
635,g,conteudo 635,1108
636,h,conteudo 636,1264
637,f,conteudo 637,875
638,h,conteudo 638,31
639,b,conteudo 639,538
640,a,conteudo 640,1229
641,g,conteudo 641,1217
642,e,conteudo 642,1205
643,f,conteudo 643,1237
644,g,conteudo 644,811
645,i,conteudo 645,652
646,b,conteudo 646,477
647,d,conteudo 647,479
648,g,conteudo 648,1150
649,a,conteudo 649,176
650,b,conteudo 650,627
651,d,conteudo 651,1286
652,d,conteudo 652,281
653,a,conteudo 653,216
654,i,conteudo 654,1291
655,c,conteudo 655,1126
656,i,conteudo 656,788
657,g,conteudo 657,1394
658,d,conteudo 658,34
659,d,conteudo 659,854
660,b,conteudo 660,369
661,d,conteudo 661,599
662,h,conteudo 662,1241
663,f,conteudo 663,1328
664,g,conteudo 664,600
665,c,conteudo 665,898
666,h,conteudo 666,370
667,a,conteudo 667,161
668,e,conteudo 668,216
669,f,conteudo 669,575
670,e,conteudo 670,1361
671,b,conteudo 671,58
672,d,conteudo 672,156
673,g,conteudo 673,497
674,e,conteudo 674,524
675,f,conteudo 675,191
676,f,conteudo 676,1491
677,g,conteudo 677,1427
678,b,conteudo 678,658
679,a,conteudo 679,1117
680,e,conteudo 680,1052
681,e,conteudo 681,156
682,b,conteudo 682,1411
683,d,conteudo 683,340
684,g,conteudo 684,975
685,a,conteudo 685,1025
686,f,conteudo 686,350
687,e,conteudo 687,543
688,d,conteudo 688,620
689,g,conteudo 689,1030
690,f,conteudo 690,1111
691,e,conteudo 691,228
692,f,conteudo 692,502
693,i,conteudo 693,72
694,b,conteudo 694,37
695,a,conteudo 695,1071
696,i,conteudo 696,1097
697,c,conteudo 697,744
698,d,conteudo 698,1083
699,a,conteudo 699,743
700,d,conteudo 700,1143
701,g,conteudo 701,322
702,c,conteudo 702,1189
703,d,conteudo 703,752
704,a,conteudo 704,619
705,b,conteudo 705,336
706,b,conteudo 706,1014
707,b,conteudo 707,1097
708,c,conteudo 708,1241
709,g,conteudo 709,499
710,a,conteudo 710,297
711,a,conteudo 711,1094
712,d,conteudo 712,819
713,h,conteudo 713,1005
714,h,conteudo 714,1307
715,g,conteudo 715,748
716,b,conteudo 716,1137
717,d,conteudo 717,640
718,i,conteudo 718,132
719,e,conteudo 719,223
720,e,conteudo 720,1354
721,f,conteudo 721,967
722,h,conteudo 722,606
723,h,conteudo 723,1471
724,a,conteudo 724,180
725,i,conteudo 725,221
726,e,conteudo 726,578
727,i,conteudo 727,348
728,i,conteudo 728,917
729,h,conteudo 729,753
730,h,conteudo 730,1027
731,b,conteudo 731,1475
732,a,conteudo 732,150
733,e,conteudo 733,1133
734,a,conteudo 734,810
735,e,conteudo 735,1174
736,i,conteudo 736,1135
737,g,conteudo 737,953
738,e,conteudo 738,67
739,b,conteudo 739,672
740,b,conteudo 740,11
741,c,conteudo 741,901
742,i,conteudo 742,55
743,b,conteudo 743,596
744,d,conteudo 744,122
745,h,conteudo 745,1253
746,f,conteudo 746,1372
747,a,conteudo 747,1194
748,a,conteudo 748,582
749,e,conteudo 749,930
750,e,conteudo 750,540
751,e,conteudo 751,608
752,d,conteudo 752,1389
753,h,conteudo 753,974
754,e,conteudo 754,1371
755,g,conteudo 755,1420
756,d,conteudo 756,919
757,f,conteudo 757,935
758,e,conteudo 758,1304
759,a,conteudo 759,1326
760,d,conteudo 760,1187
761,e,conteudo 761,62
762,i,conteudo 762,307
763,b,conteudo 763,629
764,g,conteudo 764,1458
765,b,conteudo 765,1486
766,f,conteudo 766,1054
767,h,conteudo 767,436
768,d,conteudo 768,452
769,i,conteudo 769,1091
770,a,conteudo 770,964
771,f,conteudo 771,479
772,c,conteudo 772,54
773,h,conteudo 773,50
774,c,conteudo 774,130
775,h,conteudo 775,1309
776,h,conteudo 776,588
777,f,conteudo 777,717
778,e,conteudo 778,1313
779,h,conteudo 779,63
780,h,conteudo 780,830
781,d,conteudo 781,769
782,d,conteudo 782,799
783,f,conteudo 783,610
784,g,conteudo 784,787
785,b,conteudo 785,346
786,f,conteudo 786,582
787,g,conteudo 787,229
788,i,conteudo 788,1279
789,i,conteudo 789,956
790,a,conteudo 790,956
791,e,conteudo 791,1399
792,h,conteudo 792,355
793,e,conteudo 793,797
794,f,conteudo 794,1128
795,a,conteudo 795,753
796,b,conteudo 796,172
797,h,conteudo 797,24
798,a,conteudo 798,951
799,g,conteudo 799,434
800,a,conteudo 800,598
801,i,conteudo 801,325
802,d,conteudo 802,490
803,g,conteudo 803,1158
804,g,conteudo 804,1049
805,g,conteudo 805,1079
806,i,conteudo 806,224
807,a,conteudo 807,1429
808,a,conteudo 808,667
809,d,conteudo 809,1299
810,g,conteudo 810,793
811,e,conteudo 811,1047
812,h,conteudo 812,1426
813,h,conteudo 813,1288
814,b,conteudo 814,1404
815,c,conteudo 815,1158
816,d,conteudo 816,732
817,d,conteudo 817,516
818,d,conteudo 818,78
819,d,conteudo 819,1482
820,d,conteudo 820,1469
821,a,conteudo 821,25
822,c,conteudo 822,1004
823,i,conteudo 823,1270
824,a,conteudo 824,362
825,g,conteudo 825,1486
826,b,conteudo 826,515
827,g,conteudo 827,16
828,g,conteudo 828,1295
829,b,conteudo 829,363
830,i,conteudo 830,509
831,d,conteudo 831,1193
832,e,conteudo 832,744
833,h,conteudo 833,981
834,h,conteudo 834,260
835,f,conteudo 835,1276
836,g,conteudo 836,980
837,e,conteudo 837,459
838,i,conteudo 838,1422
839,h,conteudo 839,787
840,f,conteudo 840,1370
841,a,conteudo 841,354
842,g,conteudo 842,478
843,i,conteudo 843,425
844,i,conteudo 844,716
845,f,conteudo 845,1353
846,g,conteudo 846,41
847,d,conteudo 847,230
848,c,conteudo 848,237
849,e,conteudo 849,724
850,a,conteudo 850,1431
851,g,conteudo 851,1354
852,h,conteudo 852,1374
853,h,conteudo 853,1225
854,g,conteudo 854,590
855,f,conteudo 855,972
856,e,conteudo 856,203
857,d,conteudo 857,766
858,i,conteudo 858,822
859,i,conteudo 859,554
860,c,conteudo 860,938
861,a,conteudo 861,19
862,b,conteudo 862,975
863,a,conteudo 863,590
864,c,conteudo 864,894
865,b,conteudo 865,867
866,a,conteudo 866,916
867,e,conteudo 867,138
868,e,conteudo 868,1385
869,c,conteudo 869,509
870,g,conteudo 870,1286
871,d,conteudo 871,804
872,d,conteudo 872,517
873,a,conteudo 873,1413
874,d,conteudo 874,975
875,e,conteudo 875,1092
876,h,conteudo 876,1436
877,f,conteudo 877,1230
878,d,conteudo 878,525
879,g,conteudo 879,680
880,b,conteudo 880,831
881,g,conteudo 881,1222
882,b,conteudo 882,1469
883,f,conteudo 883,186
884,g,conteudo 884,67
885,a,conteudo 885,262
886,f,conteudo 886,1077
887,b,conteudo 887,709
888,b,conteudo 888,798
889,h,conteudo 889,1294
890,b,conteudo 890,37
891,g,conteudo 891,1472
892,e,conteudo 892,1331
893,b,conteudo 893,1050
894,f,conteudo 894,1307
895,g,conteudo 895,357
896,i,conteudo 896,49
897,h,conteudo 897,799
898,d,conteudo 898,1066
899,e,conteudo 899,479
900,d,conteudo 900,1103
901,e,conteudo 901,67
902,b,conteudo 902,775
903,b,conteudo 903,536
904,f,conteudo 904,312
905,b,conteudo 905,599
906,e,conteudo 906,403
907,i,conteudo 907,955
908,e,conteudo 908,531
909,g,conteudo 909,692
910,h,conteudo 910,871
911,f,conteudo 911,132
912,i,conteudo 912,24
913,h,conteudo 913,545
914,f,conteudo 914,1353
915,c,conteudo 915,261
916,g,conteudo 916,558
917,g,conteudo 917,240
918,f,conteudo 918,1310
919,d,conteudo 919,8
920,d,conteudo 920,679
921,h,conteudo 921,470
922,b,conteudo 922,526
923,g,conteudo 923,1362
924,e,conteudo 924,633
925,b,conteudo 925,899
926,g,conteudo 926,652
927,a,conteudo 927,1436
928,e,conteudo 928,348
929,h,conteudo 929,521
930,d,conteudo 930,1184
931,h,conteudo 931,187
932,i,conteudo 932,55
933,i,conteudo 933,210
934,d,conteudo 934,909
935,f,conteudo 935,1408
936,e,conteudo 936,225
937,h,conteudo 937,300
938,g,conteudo 938,827
939,h,conteudo 939,621
940,g,conteudo 940,1371
941,f,conteudo 941,1491
942,a,conteudo 942,236
943,b,conteudo 943,825
944,c,conteudo 944,802
945,b,conteudo 945,823
946,a,conteudo 946,1389
947,c,conteudo 947,767
948,c,conteudo 948,538
949,f,conteudo 949,874
950,c,conteudo 950,493
951,i,conteudo 951,1276
952,b,conteudo 952,644
953,e,conteudo 953,1481
954,h,conteudo 954,486
955,c,conteudo 955,1333
956,f,conteudo 956,1289
957,e,conteudo 957,965
958,h,conteudo 958,1346
959,f,conteudo 959,694
960,h,conteudo 960,1243
961,a,conteudo 961,715
962,e,conteudo 962,1303
963,h,conteudo 963,705
964,f,conteudo 964,799
965,a,conteudo 965,93
966,c,conteudo 966,33
967,g,conteudo 967,675
968,b,conteudo 968,1337
969,a,conteudo 969,944
970,d,conteudo 970,1464
971,d,conteudo 971,1298
972,a,conteudo 972,1360
973,i,conteudo 973,1318
974,a,conteudo 974,899
975,e,conteudo 975,294
976,c,conteudo 976,1030
977,e,conteudo 977,1187
978,a,conteudo 978,1147
979,d,conteudo 979,804
980,d,conteudo 980,972
981,c,conteudo 981,1087
982,f,conteudo 982,37
983,f,conteudo 983,1194
984,f,conteudo 984,387
985,g,conteudo 985,1182
986,g,conteudo 986,1429
987,i,conteudo 987,1222
988,f,conteudo 988,267
989,d,conteudo 989,79
990,g,conteudo 990,771
991,h,conteudo 991,730
992,i,conteudo 992,18
993,g,conteudo 993,170
994,f,conteudo 994,1405
995,f,conteudo 995,283
996,h,conteudo 996,587
997,c,conteudo 997,440
998,i,conteudo 998,960
999,a,conteudo 999,374
1000,a,conteudo 1000,1193
1001,c,conteudo 1001,1298
1002,h,conteudo 1002,939
1003,f,conteudo 1003,1207
1004,h,conteudo 1004,1446
1005,a,conteudo 1005,425
1006,i,conteudo 1006,722
1007,g,conteudo 1007,1058
1008,c,conteudo 1008,772
1009,b,conteudo 1009,1418
1010,c,conteudo 1010,540
1011,h,conteudo 1011,192
1012,a,conteudo 1012,1269
1013,a,conteudo 1013,1255
1014,c,conteudo 1014,1146
1015,a,conteudo 1015,1282
1016,d,conteudo 1016,792
1017,d,conteudo 1017,1290
1018,b,conteudo 1018,7
1019,a,conteudo 1019,989
1020,h,conteudo 1020,98
1021,e,conteudo 1021,401
1022,d,conteudo 1022,1406
1023,g,conteudo 1023,1135
1024,d,conteudo 1024,585
1025,a,conteudo 1025,1353
1026,e,conteudo 1026,247
1027,b,conteudo 1027,152
1028,b,conteudo 1028,521
1029,a,conteudo 1029,582
1030,e,conteudo 1030,829
1031,b,conteudo 1031,566
1032,g,conteudo 1032,1153
1033,f,conteudo 1033,1483
1034,b,conteudo 1034,1433
1035,e,conteudo 1035,124
1036,f,conteudo 1036,943
1037,i,conteudo 1037,819
1038,e,conteudo 1038,651
1039,e,conteudo 1039,565
1040,c,conteudo 1040,1178
1041,c,conteudo 1041,1236
1042,h,conteudo 1042,1381
1043,a,conteudo 1043,406
1044,e,conteudo 1044,365
1045,a,conteudo 1045,450
1046,c,conteudo 1046,346
1047,b,conteudo 1047,590
1048,d,conteudo 1048,1231
1049,c,conteudo 1049,173
1050,e,conteudo 1050,356
1051,f,conteudo 1051,756
1052,f,conteudo 1052,204
1053,b,conteudo 1053,384
1054,i,conteudo 1054,203
1055,i,conteudo 1055,400
1056,g,conteudo 1056,514
1057,g,conteudo 1057,623
1058,f,conteudo 1058,225
1059,h,conteudo 1059,1169
1060,d,conteudo 1060,800
1061,g,conteudo 1061,901
1062,a,conteudo 1062,54
1063,g,conteudo 1063,1170
1064,g,conteudo 1064,162
1065,c,conteudo 1065,1400
1066,h,conteudo 1066,1093
1067,c,conteudo 1067,345
1068,a,conteudo 1068,1056
1069,c,conteudo 1069,1262
1070,i,conteudo 1070,295
1071,c,conteudo 1071,153
1072,e,conteudo 1072,7
1073,e,conteudo 1073,952
1074,g,conteudo 1074,638
1075,f,conteudo 1075,931
1076,b,conteudo 1076,189
1077,c,conteudo 1077,909
1078,a,conteudo 1078,596
1079,g,conteudo 1079,1340
1080,c,conteudo 1080,1286
1081,g,conteudo 1081,452
1082,c,conteudo 1082,787
1083,f,conteudo 1083,667
1084,c,conteudo 1084,1432
1085,h,conteudo 1085,477
1086,b,conteudo 1086,206
1087,f,conteudo 1087,727
1088,g,conteudo 1088,392
1089,i,conteudo 1089,1283
1090,d,conteudo 1090,935
1091,d,conteudo 1091,742
1092,d,conteudo 1092,1159
1093,c,conteudo 1093,1082
1094,f,conteudo 1094,1224
1095,g,conteudo 1095,1276
1096,e,conteudo 1096,357
1097,d,conteudo 1097,444
1098,b,conteudo 1098,1449
1099,c,conteudo 1099,218
1100,d,conteudo 1100,1142
1101,a,conteudo 1101,348
1102,e,conteudo 1102,20
1103,d,conteudo 1103,154
1104,h,conteudo 1104,647
1105,i,conteudo 1105,1078
1106,h,conteudo 1106,393
1107,f,conteudo 1107,665
1108,h,conteudo 1108,1323
1109,g,conteudo 1109,919
1110,c,conteudo 1110,10
1111,c,conteudo 1111,685
1112,c,conteudo 1112,1310
1113,h,conteudo 1113,253
1114,h,conteudo 1114,369
1115,b,conteudo 1115,1148
1116,f,conteudo 1116,209
1117,f,conteudo 1117,1294
1118,c,conteudo 1118,425
1119,b,conteudo 1119,1468
1120,e,conteudo 1120,133
1121,a,conteudo 1121,204
1122,c,conteudo 1122,238
1123,g,conteudo 1123,572
1124,b,conteudo 1124,64
1125,f,conteudo 1125,689
1126,b,conteudo 1126,645
1127,e,conteudo 1127,255
1128,i,conteudo 1128,621
1129,h,conteudo 1129,961
1130,h,conteudo 1130,410
1131,e,conteudo 1131,1077
1132,i,conteudo 1132,36
1133,c,conteudo 1133,668
1134,f,conteudo 1134,64
1135,h,conteudo 1135,305
1136,b,conteudo 1136,1308
1137,f,conteudo 1137,98
1138,a,conteudo 1138,1350
1139,f,conteudo 1139,832
1140,i,conteudo 1140,1376
1141,a,conteudo 1141,1020
1142,f,conteudo 1142,54
1143,h,conteudo 1143,1395
1144,i,conteudo 1144,712
1145,b,conteudo 1145,1307
1146,c,conteudo 1146,550
1147,a,conteudo 1147,438
1148,b,conteudo 1148,142
1149,c,conteudo 1149,664
1150,g,conteudo 1150,909
1151,c,conteudo 1151,516
1152,f,conteudo 1152,769
1153,i,conteudo 1153,361
1154,h,conteudo 1154,1269
1155,h,conteudo 1155,86
1156,i,conteudo 1156,1234
1157,h,conteudo 1157,969
1158,h,conteudo 1158,40
1159,f,conteudo 1159,120
1160,e,conteudo 1160,1030
1161,h,conteudo 1161,300
1162,b,conteudo 1162,1167
1163,g,conteudo 1163,37
1164,d,conteudo 1164,1249
1165,e,conteudo 1165,1017
1166,d,conteudo 1166,144
1167,g,conteudo 1167,655
1168,d,conteudo 1168,604
1169,b,conteudo 1169,800
1170,h,conteudo 1170,569
1171,f,conteudo 1171,1202
1172,a,conteudo 1172,1108
1173,h,conteudo 1173,1059
1174,h,conteudo 1174,1385
1175,f,conteudo 1175,197
1176,f,conteudo 1176,1098
1177,i,conteudo 1177,1364
1178,e,conteudo 1178,669
1179,e,conteudo 1179,1479
1180,c,conteudo 1180,3
1181,b,conteudo 1181,1081
1182,e,conteudo 1182,567
1183,c,conteudo 1183,1286
1184,b,conteudo 1184,1140
1185,i,conteudo 1185,702
1186,b,conteudo 1186,583
1187,a,conteudo 1187,910
1188,a,conteudo 1188,1438
1189,d,conteudo 1189,706
1190,i,conteudo 1190,507
1191,f,conteudo 1191,200
1192,f,conteudo 1192,1330
1193,g,conteudo 1193,207
1194,e,conteudo 1194,824
1195,g,conteudo 1195,753
1196,a,conteudo 1196,857
1197,a,conteudo 1197,764
1198,c,conteudo 1198,886
1199,h,conteudo 1199,683
1200,h,conteudo 1200,376
1201,i,conteudo 1201,334
1202,d,conteudo 1202,1332
1203,e,conteudo 1203,74
1204,f,conteudo 1204,937
1205,c,conteudo 1205,1461
1206,a,conteudo 1206,267
1207,i,conteudo 1207,322
1208,i,conteudo 1208,62
1209,a,conteudo 1209,72
1210,c,conteudo 1210,1500
1211,e,conteudo 1211,261
1212,a,conteudo 1212,812
1213,d,conteudo 1213,1027
1214,b,conteudo 1214,341
1215,b,conteudo 1215,736
1216,d,conteudo 1216,1240
1217,c,conteudo 1217,263
1218,i,conteudo 1218,1363
1219,h,conteudo 1219,278
1220,i,conteudo 1220,1081
1221,f,conteudo 1221,917
1222,f,conteudo 1222,500
1223,i,conteudo 1223,152
1224,a,conteudo 1224,586
1225,b,conteudo 1225,1225
1226,h,conteudo 1226,961
1227,c,conteudo 1227,1040
1228,f,conteudo 1228,681
1229,g,conteudo 1229,961
1230,b,conteudo 1230,1104
1231,d,conteudo 1231,1426
1232,g,conteudo 1232,1126
1233,c,conteudo 1233,859
1234,i,conteudo 1234,496
1235,c,conteudo 1235,486
1236,d,conteudo 1236,510
1237,f,conteudo 1237,930
1238,c,conteudo 1238,299
1239,b,conteudo 1239,946
1240,h,conteudo 1240,1403
1241,e,conteudo 1241,171
1242,g,conteudo 1242,493
1243,d,conteudo 1243,641
1244,i,conteudo 1244,303
1245,h,conteudo 1245,506
1246,a,conteudo 1246,1053
1247,a,conteudo 1247,1249
1248,g,conteudo 1248,766
1249,c,conteudo 1249,1151
1250,h,conteudo 1250,1418
1251,i,conteudo 1251,835
1252,h,conteudo 1252,1448
1253,g,conteudo 1253,987
1254,a,conteudo 1254,792
1255,d,conteudo 1255,1358
1256,a,conteudo 1256,1290
1257,a,conteudo 1257,1203
1258,e,conteudo 1258,515
1259,c,conteudo 1259,1269
1260,e,conteudo 1260,156
1261,b,conteudo 1261,449
1262,i,conteudo 1262,470
1263,b,conteudo 1263,542
1264,g,conteudo 1264,638
1265,b,conteudo 1265,1387
1266,a,conteudo 1266,1379
1267,f,conteudo 1267,1488
1268,b,conteudo 1268,1216
1269,b,conteudo 1269,301
1270,g,conteudo 1270,1361
1271,c,conteudo 1271,1002
1272,b,conteudo 1272,954
1273,h,conteudo 1273,859
1274,c,conteudo 1274,1087
1275,e,conteudo 1275,873
1276,g,conteudo 1276,663
1277,d,conteudo 1277,92
1278,b,conteudo 1278,948
1279,d,conteudo 1279,1453
1280,g,conteudo 1280,1439
1281,d,conteudo 1281,901
1282,d,conteudo 1282,345
1283,h,conteudo 1283,641
1284,d,conteudo 1284,97
1285,a,conteudo 1285,439
1286,h,conteudo 1286,584
1287,f,conteudo 1287,2
1288,e,conteudo 1288,1261
1289,e,conteudo 1289,1230
1290,f,conteudo 1290,439
1291,e,conteudo 1291,1051
1292,c,conteudo 1292,730
1293,e,conteudo 1293,182
1294,e,conteudo 1294,991
1295,g,conteudo 1295,449
1296,h,conteudo 1296,549
1297,e,conteudo 1297,501
1298,c,conteudo 1298,257
1299,c,conteudo 1299,1491
1300,d,conteudo 1300,82
1301,b,conteudo 1301,746
1302,f,conteudo 1302,507
1303,e,conteudo 1303,541
1304,a,conteudo 1304,231
1305,e,conteudo 1305,53
1306,d,conteudo 1306,797
1307,a,conteudo 1307,324
1308,f,conteudo 1308,367
1309,i,conteudo 1309,64
1310,c,conteudo 1310,1275
1311,i,conteudo 1311,1303
1312,d,conteudo 1312,179
1313,h,conteudo 1313,972
1314,f,conteudo 1314,9
1315,d,conteudo 1315,731
1316,c,conteudo 1316,805
1317,a,conteudo 1317,92
1318,i,conteudo 1318,1257
1319,c,conteudo 1319,1248
1320,e,conteudo 1320,1430
1321,a,conteudo 1321,1152
1322,f,conteudo 1322,1378
1323,b,conteudo 1323,234
1324,b,conteudo 1324,618
1325,c,conteudo 1325,1224
1326,h,conteudo 1326,808
1327,g,conteudo 1327,1342
1328,f,conteudo 1328,1447
1329,d,conteudo 1329,684
1330,f,conteudo 1330,380
1331,d,conteudo 1331,596
1332,c,conteudo 1332,184
1333,c,conteudo 1333,689
1334,g,conteudo 1334,626
1335,a,conteudo 1335,1008
1336,d,conteudo 1336,585
1337,b,conteudo 1337,637
1338,h,conteudo 1338,715
1339,e,conteudo 1339,646
1340,g,conteudo 1340,1444
1341,e,conteudo 1341,1279
1342,f,conteudo 1342,343
1343,f,conteudo 1343,14
1344,d,conteudo 1344,1384
1345,d,conteudo 1345,382
1346,d,conteudo 1346,1015
1347,g,conteudo 1347,297
1348,f,conteudo 1348,1421
1349,i,conteudo 1349,1264
1350,d,conteudo 1350,465
1351,g,conteudo 1351,883
1352,c,conteudo 1352,535
1353,b,conteudo 1353,1443
1354,f,conteudo 1354,1013
1355,c,conteudo 1355,1269
1356,a,conteudo 1356,461
1357,b,conteudo 1357,386
1358,b,conteudo 1358,1369
1359,a,conteudo 1359,32
1360,g,conteudo 1360,1090
1361,b,conteudo 1361,877
1362,h,conteudo 1362,635
1363,h,conteudo 1363,303
1364,g,conteudo 1364,479
1365,b,conteudo 1365,765
1366,e,conteudo 1366,1451
1367,d,conteudo 1367,1080
1368,d,conteudo 1368,1424
1369,h,conteudo 1369,191
1370,g,conteudo 1370,1416
1371,g,conteudo 1371,924
1372,e,conteudo 1372,214
1373,f,conteudo 1373,781
1374,f,conteudo 1374,406
1375,e,conteudo 1375,481
1376,a,conteudo 1376,932
1377,h,conteudo 1377,97
1378,b,conteudo 1378,420
1379,i,conteudo 1379,1170
1380,d,conteudo 1380,1044
1381,c,conteudo 1381,1074
1382,b,conteudo 1382,675
1383,g,conteudo 1383,1042
1384,d,conteudo 1384,927
1385,a,conteudo 1385,23
1386,d,conteudo 1386,177
1387,e,conteudo 1387,213
1388,a,conteudo 1388,812
1389,g,conteudo 1389,530
1390,f,conteudo 1390,626
1391,c,conteudo 1391,180
1392,d,conteudo 1392,1142
1393,a,conteudo 1393,1291
1394,b,conteudo 1394,351
1395,d,conteudo 1395,574
1396,b,conteudo 1396,1168
1397,f,conteudo 1397,985
1398,f,conteudo 1398,1316
1399,h,conteudo 1399,287
1400,g,conteudo 1400,101
1401,f,conteudo 1401,917
1402,b,conteudo 1402,221
1403,e,conteudo 1403,248
1404,c,conteudo 1404,144
1405,h,conteudo 1405,1377
1406,h,conteudo 1406,1005
1407,h,conteudo 1407,876
1408,b,conteudo 1408,931
1409,d,conteudo 1409,197
1410,e,conteudo 1410,1147
1411,c,conteudo 1411,802
1412,h,conteudo 1412,464
1413,h,conteudo 1413,1181
1414,d,conteudo 1414,189
1415,i,conteudo 1415,1146
1416,d,conteudo 1416,226
1417,a,conteudo 1417,1463
1418,a,conteudo 1418,678
1419,g,conteudo 1419,379
1420,g,conteudo 1420,646
1421,f,conteudo 1421,325
1422,d,conteudo 1422,150
1423,a,conteudo 1423,380
1424,b,conteudo 1424,824
1425,i,conteudo 1425,57
1426,b,conteudo 1426,889
1427,c,conteudo 1427,832
1428,e,conteudo 1428,294
1429,d,conteudo 1429,959
1430,g,conteudo 1430,1273
1431,e,conteudo 1431,1070
1432,g,conteudo 1432,943
1433,e,conteudo 1433,543
1434,a,conteudo 1434,1309
1435,h,conteudo 1435,798
1436,i,conteudo 1436,541
1437,e,conteudo 1437,1017
1438,f,conteudo 1438,902
1439,c,conteudo 1439,912
1440,f,conteudo 1440,322
1441,c,conteudo 1441,1500
1442,a,conteudo 1442,515
1443,f,conteudo 1443,596
1444,d,conteudo 1444,485
1445,g,conteudo 1445,427
1446,h,conteudo 1446,391
1447,g,conteudo 1447,1078
1448,e,conteudo 1448,446
1449,b,conteudo 1449,583
1450,b,conteudo 1450,1313
1451,b,conteudo 1451,1352
1452,h,conteudo 1452,1155
1453,b,conteudo 1453,628
1454,c,conteudo 1454,1085
1455,d,conteudo 1455,395
1456,d,conteudo 1456,1373
1457,d,conteudo 1457,1500
1458,a,conteudo 1458,376
1459,i,conteudo 1459,224
1460,c,conteudo 1460,57
1461,d,conteudo 1461,95
1462,a,conteudo 1462,1000
1463,d,conteudo 1463,1488
1464,b,conteudo 1464,893
1465,h,conteudo 1465,155
1466,a,conteudo 1466,1372
1467,i,conteudo 1467,1094
1468,c,conteudo 1468,820
1469,c,conteudo 1469,901
1470,g,conteudo 1470,1196
1471,a,conteudo 1471,1456
1472,b,conteudo 1472,367
1473,a,conteudo 1473,392
1474,a,conteudo 1474,1162
1475,a,conteudo 1475,932
1476,e,conteudo 1476,352
1477,a,conteudo 1477,672
1478,d,conteudo 1478,1486
1479,b,conteudo 1479,1099
1480,d,conteudo 1480,129
1481,g,conteudo 1481,1188
1482,b,conteudo 1482,699
1483,h,conteudo 1483,1257
1484,c,conteudo 1484,766
1485,b,conteudo 1485,1499
1486,g,conteudo 1486,655
1487,d,conteudo 1487,1351
1488,b,conteudo 1488,740
1489,g,conteudo 1489,152
1490,d,conteudo 1490,1349
1491,e,conteudo 1491,1074
1492,b,conteudo 1492,7
1493,i,conteudo 1493,1394
1494,e,conteudo 1494,1128
1495,d,conteudo 1495,1457
1496,h,conteudo 1496,1141
1497,g,conteudo 1497,732
1498,a,conteudo 1498,1139
1499,b,conteudo 1499,14
1500,d,conteudo 1500,715
