artigo_id,artigo_numero,artigo_conteudo,lei_id
1,Art. 1º,conteudo 1,206
2,Art. 2º,conteudo 2,9
3,Art. 3º,conteudo 3,170
4,Art. 4º,conteudo 4,461
5,Art. 5º,conteudo 5,18
6,Art. 6º,conteudo 6,388
7,Art. 7º,conteudo 7,90
8,Art. 8º,conteudo 8,453
9,Art. 9º,conteudo 9,108
10,Art. 10º,conteudo 10,232
11,Art. 11º,conteudo 11,61
12,Art. 12º,conteudo 12,491
13,Art. 13º,conteudo 13,174
14,Art. 14º,conteudo 14,81
15,Art. 15º,conteudo 15,386
16,Art. 16º,conteudo 16,149
17,Art. 17º,conteudo 17,92
18,Art. 18º,conteudo 18,263
19,Art. 19º,conteudo 19,278
20,Art. 20º,conteudo 20,428
21,Art. 21º,conteudo 21,206
22,Art. 22º,conteudo 22,146
23,Art. 23º,conteudo 23,162
24,Art. 24º,conteudo 24,195
25,Art. 25º,conteudo 25,35
26,Art. 26º,conteudo 26,178
27,Art. 27º,conteudo 27,130
28,Art. 28º,conteudo 28,403
29,Art. 29º,conteudo 29,328
30,Art. 30º,conteudo 30,414
31,Art. 31º,conteudo 31,347
32,Art. 32º,conteudo 32,369
33,Art. 33º,conteudo 33,259
34,Art. 34º,conteudo 34,25
35,Art. 35º,conteudo 35,418
36,Art. 36º,conteudo 36,315
37,Art. 37º,conteudo 37,465
38,Art. 38º,conteudo 38,157
39,Art. 39º,conteudo 39,298
40,Art. 40º,conteudo 40,42
41,Art. 41º,conteudo 41,446
42,Art. 42º,conteudo 42,298
43,Art. 43º,conteudo 43,329
44,Art. 44º,conteudo 44,456
45,Art. 45º,conteudo 45,389
46,Art. 46º,conteudo 46,151
47,Art. 47º,conteudo 47,370
48,Art. 48º,conteudo 48,115
49,Art. 49º,conteudo 49,248
50,Art. 50º,conteudo 50,147
51,Art. 51º,conteudo 51,197
52,Art. 52º,conteudo 52,363
53,Art. 53º,conteudo 53,383
54,Art. 54º,conteudo 54,425
55,Art. 55º,conteudo 55,366
56,Art. 56º,conteudo 56,27
57,Art. 57º,conteudo 57,248
58,Art. 58º,conteudo 58,375
59,Art. 59º,conteudo 59,153
60,Art. 60º,conteudo 60,406
61,Art. 61º,conteudo 61,300
62,Art. 62º,conteudo 62,98
63,Art. 63º,conteudo 63,91
64,Art. 64º,conteudo 64,335
65,Art. 65º,conteudo 65,448
66,Art. 66º,conteudo 66,168
67,Art. 67º,conteudo 67,170
68,Art. 68º,conteudo 68,295
69,Art. 69º,conteudo 69,283
70,Art. 70º,conteudo 70,201
71,Art. 71º,conteudo 71,35
72,Art. 72º,conteudo 72,109
73,Art. 73º,conteudo 73,194
74,Art. 74º,conteudo 74,95
75,Art. 75º,conteudo 75,477
76,Art. 76º,conteudo 76,206
77,Art. 77º,conteudo 77,474
78,Art. 78º,conteudo 78,466
79,Art. 79º,conteudo 79,215
80,Art. 80º,conteudo 80,191
81,Art. 81º,conteudo 81,294
82,Art. 82º,conteudo 82,211
83,Art. 83º,conteudo 83,169
84,Art. 84º,conteudo 84,390
85,Art. 85º,conteudo 85,325
86,Art. 86º,conteudo 86,353
87,Art. 87º,conteudo 87,387
88,Art. 88º,conteudo 88,114
89,Art. 89º,conteudo 89,254
90,Art. 90º,conteudo 90,151
91,Art. 91º,conteudo 91,222
92,Art. 92º,conteudo 92,370
93,Art. 93º,conteudo 93,103
94,Art. 94º,conteudo 94,341
95,Art. 95º,conteudo 95,369
96,Art. 96º,conteudo 96,112
97,Art. 97º,conteudo 97,235
98,Art. 98º,conteudo 98,242
99,Art. 99º,conteudo 99,224
100,Art. 100º,conteudo 100,460
101,Art. 101º,conteudo 101,356
102,Art. 102º,conteudo 102,287
103,Art. 103º,conteudo 103,461
104,Art. 104º,conteudo 104,58
105,Art. 105º,conteudo 105,116
106,Art. 106º,conteudo 106,309
107,Art. 107º,conteudo 107,400
108,Art. 108º,conteudo 108,458
109,Art. 109º,conteudo 109,137
110,Art. 110º,conteudo 110,272
111,Art. 111º,conteudo 111,268
112,Art. 112º,conteudo 112,417
113,Art. 113º,conteudo 113,166
114,Art. 114º,conteudo 114,283
115,Art. 115º,conteudo 115,325
116,Art. 116º,conteudo 116,11
117,Art. 117º,conteudo 117,448
118,Art. 118º,conteudo 118,238
119,Art. 119º,conteudo 119,44
120,Art. 120º,conteudo 120,385
121,Art. 121º,conteudo 121,147
122,Art. 122º,conteudo 122,146
123,Art. 123º,conteudo 123,359
124,Art. 124º,conteudo 124,299
125,Art. 125º,conteudo 125,6
126,Art. 126º,conteudo 126,42
127,Art. 127º,conteudo 127,284
128,Art. 128º,conteudo 128,9
129,Art. 129º,conteudo 129,152
130,Art. 130º,conteudo 130,214
131,Art. 131º,conteudo 131,121
132,Art. 132º,conteudo 132,96
133,Art. 133º,conteudo 133,97
134,Art. 134º,conteudo 134,64
135,Art. 135º,conteudo 135,174
136,Art. 136º,conteudo 136,96
137,Art. 137º,conteudo 137,452
138,Art. 138º,conteudo 138,53
139,Art. 139º,conteudo 139,298
140,Art. 140º,conteudo 140,433
141,Art. 141º,conteudo 141,407
142,Art. 142º,conteudo 142,256
143,Art. 143º,conteudo 143,231
144,Art. 144º,conteudo 144,403
145,Art. 145º,conteudo 145,170
146,Art. 146º,conteudo 146,398
147,Art. 147º,conteudo 147,469
148,Art. 148º,conteudo 148,415
149,Art. 149º,conteudo 149,109
150,Art. 150º,conteudo 150,345
151,Art. 151º,conteudo 151,435
152,Art. 152º,conteudo 152,71
153,Art. 153º,conteudo 153,204
154,Art. 154º,conteudo 154,244
155,Art. 155º,conteudo 155,70
156,Art. 156º,conteudo 156,194
157,Art. 157º,conteudo 157,316
158,Art. 158º,conteudo 158,174
159,Art. 159º,conteudo 159,330
160,Art. 160º,conteudo 160,242
161,Art. 161º,conteudo 161,131
162,Art. 162º,conteudo 162,311
163,Art. 163º,conteudo 163,441
164,Art. 164º,conteudo 164,101
165,Art. 165º,conteudo 165,377
166,Art. 166º,conteudo 166,301
167,Art. 167º,conteudo 167,498
168,Art. 168º,conteudo 168,284
169,Art. 169º,conteudo 169,256
170,Art. 170º,conteudo 170,276
171,Art. 171º,conteudo 171,412
172,Art. 172º,conteudo 172,198
173,Art. 173º,conteudo 173,135
174,Art. 174º,conteudo 174,418
175,Art. 175º,conteudo 175,406
176,Art. 176º,conteudo 176,301
177,Art. 177º,conteudo 177,412
178,Art. 178º,conteudo 178,185
179,Art. 179º,conteudo 179,231
180,Art. 180º,conteudo 180,17
181,Art. 181º,conteudo 181,203
182,Art. 182º,conteudo 182,489
183,Art. 183º,conteudo 183,220
184,Art. 184º,conteudo 184,182
185,Art. 185º,conteudo 185,298
186,Art. 186º,conteudo 186,130
187,Art. 187º,conteudo 187,392
188,Art. 188º,conteudo 188,216
189,Art. 189º,conteudo 189,260
190,Art. 190º,conteudo 190,247
191,Art. 191º,conteudo 191,500
192,Art. 192º,conteudo 192,222
193,Art. 193º,conteudo 193,201
194,Art. 194º,conteudo 194,46
195,Art. 195º,conteudo 195,208
196,Art. 196º,conteudo 196,5
197,Art. 197º,conteudo 197,220
198,Art. 198º,conteudo 198,390
199,Art. 199º,conteudo 199,397
200,Art. 200º,conteudo 200,87
201,Art. 201º,conteudo 201,25
202,Art. 202º,conteudo 202,476
203,Art. 203º,conteudo 203,302
204,Art. 204º,conteudo 204,118
205,Art. 205º,conteudo 205,50
206,Art. 206º,conteudo 206,413
207,Art. 207º,conteudo 207,259
208,Art. 208º,conteudo 208,81
209,Art. 209º,conteudo 209,425
210,Art. 210º,conteudo 210,147
211,Art. 211º,conteudo 211,403
212,Art. 212º,conteudo 212,148
213,Art. 213º,conteudo 213,468
214,Art. 214º,conteudo 214,307
215,Art. 215º,conteudo 215,315
216,Art. 216º,conteudo 216,77
217,Art. 217º,conteudo 217,202
218,Art. 218º,conteudo 218,120
219,Art. 219º,conteudo 219,153
220,Art. 220º,conteudo 220,364
221,Art. 221º,conteudo 221,390
222,Art. 222º,conteudo 222,240
223,Art. 223º,conteudo 223,461
224,Art. 224º,conteudo 224,223
225,Art. 225º,conteudo 225,96
226,Art. 226º,conteudo 226,227
227,Art. 227º,conteudo 227,69
228,Art. 228º,conteudo 228,456
229,Art. 229º,conteudo 229,174
230,Art. 230º,conteudo 230,482
231,Art. 231º,conteudo 231,108
232,Art. 232º,conteudo 232,317
233,Art. 233º,conteudo 233,78
234,Art. 234º,conteudo 234,353
235,Art. 235º,conteudo 235,237
236,Art. 236º,conteudo 236,221
237,Art. 237º,conteudo 237,406
238,Art. 238º,conteudo 238,272
239,Art. 239º,conteudo 239,416
240,Art. 240º,conteudo 240,129
241,Art. 241º,conteudo 241,123
242,Art. 242º,conteudo 242,465
243,Art. 243º,conteudo 243,416
244,Art. 244º,conteudo 244,243
245,Art. 245º,conteudo 245,269
246,Art. 246º,conteudo 246,131
247,Art. 247º,conteudo 247,210
248,Art. 248º,conteudo 248,204
249,Art. 249º,conteudo 249,278
250,Art. 250º,conteudo 250,470
251,Art. 251º,conteudo 251,269
252,Art. 252º,conteudo 252,446
253,Art. 253º,conteudo 253,206
254,Art. 254º,conteudo 254,351
255,Art. 255º,conteudo 255,148
256,Art. 256º,conteudo 256,301
257,Art. 257º,conteudo 257,35
258,Art. 258º,conteudo 258,377
259,Art. 259º,conteudo 259,492
260,Art. 260º,conteudo 260,153
261,Art. 261º,conteudo 261,221
262,Art. 262º,conteudo 262,15
263,Art. 263º,conteudo 263,355
264,Art. 264º,conteudo 264,53
265,Art. 265º,conteudo 265,321
266,Art. 266º,conteudo 266,48
267,Art. 267º,conteudo 267,455
268,Art. 268º,conteudo 268,457
269,Art. 269º,conteudo 269,54
270,Art. 270º,conteudo 270,480
271,Art. 271º,conteudo 271,262
272,Art. 272º,conteudo 272,224
273,Art. 273º,conteudo 273,380
274,Art. 274º,conteudo 274,375
275,Art. 275º,conteudo 275,388
276,Art. 276º,conteudo 276,494
277,Art. 277º,conteudo 277,334
278,Art. 278º,conteudo 278,422
279,Art. 279º,conteudo 279,238
280,Art. 280º,conteudo 280,239
281,Art. 281º,conteudo 281,157
282,Art. 282º,conteudo 282,16
283,Art. 283º,conteudo 283,342
284,Art. 284º,conteudo 284,227
285,Art. 285º,conteudo 285,234
286,Art. 286º,conteudo 286,419
287,Art. 287º,conteudo 287,56
288,Art. 288º,conteudo 288,189
289,Art. 289º,conteudo 289,373
290,Art. 290º,conteudo 290,288
291,Art. 291º,conteudo 291,197
292,Art. 292º,conteudo 292,2
293,Art. 293º,conteudo 293,231
294,Art. 294º,conteudo 294,395
295,Art. 295º,conteudo 295,359
296,Art. 296º,conteudo 296,256
297,Art. 297º,conteudo 297,190
298,Art. 298º,conteudo 298,465
299,Art. 299º,conteudo 299,228
300,Art. 300º,conteudo 300,265
301,Art. 301º,conteudo 301,159
302,Art. 302º,conteudo 302,188
303,Art. 303º,conteudo 303,377
304,Art. 304º,conteudo 304,389
305,Art. 305º,conteudo 305,203
306,Art. 306º,conteudo 306,77
307,Art. 307º,conteudo 307,260
308,Art. 308º,conteudo 308,59
309,Art. 309º,conteudo 309,121
310,Art. 310º,conteudo 310,106
311,Art. 311º,conteudo 311,301
312,Art. 312º,conteudo 312,136
313,Art. 313º,conteudo 313,34
314,Art. 314º,conteudo 314,401
315,Art. 315º,conteudo 315,497
316,Art. 316º,conteudo 316,263
317,Art. 317º,conteudo 317,496
318,Art. 318º,conteudo 318,79
319,Art. 319º,conteudo 319,444
320,Art. 320º,conteudo 320,365
321,Art. 321º,conteudo 321,93
322,Art. 322º,conteudo 322,299
323,Art. 323º,conteudo 323,372
324,Art. 324º,conteudo 324,17
325,Art. 325º,conteudo 325,75
326,Art. 326º,conteudo 326,23
327,Art. 327º,conteudo 327,354
328,Art. 328º,conteudo 328,112
329,Art. 329º,conteudo 329,299
330,Art. 330º,conteudo 330,64
331,Art. 331º,conteudo 331,48
332,Art. 332º,conteudo 332,433
333,Art. 333º,conteudo 333,268
334,Art. 334º,conteudo 334,420
335,Art. 335º,conteudo 335,203
336,Art. 336º,conteudo 336,328
337,Art. 337º,conteudo 337,261
338,Art. 338º,conteudo 338,58
339,Art. 339º,conteudo 339,422
340,Art. 340º,conteudo 340,38
341,Art. 341º,conteudo 341,196
342,Art. 342º,conteudo 342,476
343,Art. 343º,conteudo 343,251
344,Art. 344º,conteudo 344,500
345,Art. 345º,conteudo 345,4
346,Art. 346º,conteudo 346,338
347,Art. 347º,conteudo 347,190
348,Art. 348º,conteudo 348,282
349,Art. 349º,conteudo 349,249
350,Art. 350º,conteudo 350,343
351,Art. 351º,conteudo 351,80
352,Art. 352º,conteudo 352,307
353,Art. 353º,conteudo 353,463
354,Art. 354º,conteudo 354,488
355,Art. 355º,conteudo 355,241
356,Art. 356º,conteudo 356,187
357,Art. 357º,conteudo 357,342
358,Art. 358º,conteudo 358,120
359,Art. 359º,conteudo 359,318
360,Art. 360º,conteudo 360,242
361,Art. 361º,conteudo 361,128
362,Art. 362º,conteudo 362,55
363,Art. 363º,conteudo 363,208
364,Art. 364º,conteudo 364,409
365,Art. 365º,conteudo 365,10
366,Art. 366º,conteudo 366,93
367,Art. 367º,conteudo 367,458
368,Art. 368º,conteudo 368,143
369,Art. 369º,conteudo 369,354
370,Art. 370º,conteudo 370,208
371,Art. 371º,conteudo 371,277
372,Art. 372º,conteudo 372,201
373,Art. 373º,conteudo 373,234
374,Art. 374º,conteudo 374,224
375,Art. 375º,conteudo 375,213
376,Art. 376º,conteudo 376,360
377,Art. 377º,conteudo 377,25
378,Art. 378º,conteudo 378,281
379,Art. 379º,conteudo 379,235
380,Art. 380º,conteudo 380,469
381,Art. 381º,conteudo 381,3
382,Art. 382º,conteudo 382,133
383,Art. 383º,conteudo 383,490
384,Art. 384º,conteudo 384,288
385,Art. 385º,conteudo 385,390
386,Art. 386º,conteudo 386,348
387,Art. 387º,conteudo 387,2
388,Art. 388º,conteudo 388,316
389,Art. 389º,conteudo 389,346
390,Art. 390º,conteudo 390,154
391,Art. 391º,conteudo 391,173
392,Art. 392º,conteudo 392,446
393,Art. 393º,conteudo 393,478
394,Art. 394º,conteudo 394,24
395,Art. 395º,conteudo 395,104
396,Art. 396º,conteudo 396,463
397,Art. 397º,conteudo 397,387
398,Art. 398º,conteudo 398,363
399,Art. 399º,conteudo 399,176
400,Art. 400º,conteudo 400,126
401,Art. 401º,conteudo 401,492
402,Art. 402º,conteudo 402,398
403,Art. 403º,conteudo 403,86
404,Art. 404º,conteudo 404,275
405,Art. 405º,conteudo 405,229
406,Art. 406º,conteudo 406,479
407,Art. 407º,conteudo 407,363
408,Art. 408º,conteudo 408,303
409,Art. 409º,conteudo 409,263
410,Art. 410º,conteudo 410,156
411,Art. 411º,conteudo 411,382
412,Art. 412º,conteudo 412,91
413,Art. 413º,conteudo 413,377
414,Art. 414º,conteudo 414,285
415,Art. 415º,conteudo 415,153
416,Art. 416º,conteudo 416,8
417,Art. 417º,conteudo 417,250
418,Art. 418º,conteudo 418,162
419,Art. 419º,conteudo 419,114
420,Art. 420º,conteudo 420,357
421,Art. 421º,conteudo 421,412
422,Art. 422º,conteudo 422,428
423,Art. 423º,conteudo 423,264
424,Art. 424º,conteudo 424,137
425,Art. 425º,conteudo 425,22
426,Art. 426º,conteudo 426,296
427,Art. 427º,conteudo 427,129
428,Art. 428º,conteudo 428,398
429,Art. 429º,conteudo 429,249
430,Art. 430º,conteudo 430,264
431,Art. 431º,conteudo 431,170
432,Art. 432º,conteudo 432,89
433,Art. 433º,conteudo 433,459
434,Art. 434º,conteudo 434,203
435,Art. 435º,conteudo 435,2
436,Art. 436º,conteudo 436,213
437,Art. 437º,conteudo 437,36
438,Art. 438º,conteudo 438,169
439,Art. 439º,conteudo 439,198
440,Art. 440º,conteudo 440,188
441,Art. 441º,conteudo 441,111
442,Art. 442º,conteudo 442,404
443,Art. 443º,conteudo 443,249
444,Art. 444º,conteudo 444,283
445,Art. 445º,conteudo 445,130
446,Art. 446º,conteudo 446,129
447,Art. 447º,conteudo 447,390
448,Art. 448º,conteudo 448,162
449,Art. 449º,conteudo 449,107
450,Art. 450º,conteudo 450,1
451,Art. 451º,conteudo 451,448
452,Art. 452º,conteudo 452,447
453,Art. 453º,conteudo 453,470
454,Art. 454º,conteudo 454,124
455,Art. 455º,conteudo 455,294
456,Art. 456º,conteudo 456,70
457,Art. 457º,conteudo 457,472
458,Art. 458º,conteudo 458,17
459,Art. 459º,conteudo 459,415
460,Art. 460º,conteudo 460,108
461,Art. 461º,conteudo 461,452
462,Art. 462º,conteudo 462,426
463,Art. 463º,conteudo 463,278
464,Art. 464º,conteudo 464,103
465,Art. 465º,conteudo 465,306
466,Art. 466º,conteudo 466,281
467,Art. 467º,conteudo 467,184
468,Art. 468º,conteudo 468,135
469,Art. 469º,conteudo 469,451
470,Art. 470º,conteudo 470,94
471,Art. 471º,conteudo 471,85
472,Art. 472º,conteudo 472,417
473,Art. 473º,conteudo 473,470
474,Art. 474º,conteudo 474,452
475,Art. 475º,conteudo 475,322
476,Art. 476º,conteudo 476,475
477,Art. 477º,conteudo 477,71
478,Art. 478º,conteudo 478,303
479,Art. 479º,conteudo 479,208
480,Art. 480º,conteudo 480,65
481,Art. 481º,conteudo 481,100
482,Art. 482º,conteudo 482,52
483,Art. 483º,conteudo 483,180
484,Art. 484º,conteudo 484,183
485,Art. 485º,conteudo 485,369
486,Art. 486º,conteudo 486,313
487,Art. 487º,conteudo 487,452
488,Art. 488º,conteudo 488,372
489,Art. 489º,conteudo 489,245
490,Art. 490º,conteudo 490,64
491,Art. 491º,conteudo 491,477
492,Art. 492º,conteudo 492,340
493,Art. 493º,conteudo 493,406
494,Art. 494º,conteudo 494,423
495,Art. 495º,conteudo 495,88
496,Art. 496º,conteudo 496,464
497,Art. 497º,conteudo 497,276
498,Art. 498º,conteudo 498,80
499,Art. 499º,conteudo 499,39
500,Art. 500º,conteudo 500,59
501,Art. 501º,conteudo 501,189
502,Art. 502º,conteudo 502,151
503,Art. 503º,conteudo 503,25
504,Art. 504º,conteudo 504,292
505,Art. 505º,conteudo 505,18
506,Art. 506º,conteudo 506,358
507,Art. 507º,conteudo 507,184
508,Art. 508º,conteudo 508,228
509,Art. 509º,conteudo 509,91
510,Art. 510º,conteudo 510,141
511,Art. 511º,conteudo 511,141
512,Art. 512º,conteudo 512,380
513,Art. 513º,conteudo 513,24
514,Art. 514º,conteudo 514,292
515,Art. 515º,conteudo 515,260
516,Art. 516º,conteudo 516,355
517,Art. 517º,conteudo 517,89
518,Art. 518º,conteudo 518,254
519,Art. 519º,conteudo 519,420
520,Art. 520º,conteudo 520,26
521,Art. 521º,conteudo 521,262
522,Art. 522º,conteudo 522,99
523,Art. 523º,conteudo 523,433
524,Art. 524º,conteudo 524,171
525,Art. 525º,conteudo 525,10
526,Art. 526º,conteudo 526,388
527,Art. 527º,conteudo 527,211
528,Art. 528º,conteudo 528,461
529,Art. 529º,conteudo 529,84
530,Art. 530º,conteudo 530,257
531,Art. 531º,conteudo 531,385
532,Art. 532º,conteudo 532,408
533,Art. 533º,conteudo 533,420
534,Art. 534º,conteudo 534,399
535,Art. 535º,conteudo 535,209
536,Art. 536º,conteudo 536,287
537,Art. 537º,conteudo 537,70
538,Art. 538º,conteudo 538,77
539,Art. 539º,conteudo 539,6
540,Art. 540º,conteudo 540,174
541,Art. 541º,conteudo 541,276
542,Art. 542º,conteudo 542,462
543,Art. 543º,conteudo 543,328
544,Art. 544º,conteudo 544,460
545,Art. 545º,conteudo 545,23
546,Art. 546º,conteudo 546,235
547,Art. 547º,conteudo 547,185
548,Art. 548º,conteudo 548,327
549,Art. 549º,conteudo 549,348
550,Art. 550º,conteudo 550,467
551,Art. 551º,conteudo 551,277
552,Art. 552º,conteudo 552,191
553,Art. 553º,conteudo 553,319
554,Art. 554º,conteudo 554,134
555,Art. 555º,conteudo 555,357
556,Art. 556º,conteudo 556,152
557,Art. 557º,conteudo 557,267
558,Art. 558º,conteudo 558,231
559,Art. 559º,conteudo 559,441
560,Art. 560º,conteudo 560,176
561,Art. 561º,conteudo 561,64
562,Art. 562º,conteudo 562,15
563,Art. 563º,conteudo 563,396
564,Art. 564º,conteudo 564,255
565,Art. 565º,conteudo 565,38
566,Art. 566º,conteudo 566,424
567,Art. 567º,conteudo 567,444
568,Art. 568º,conteudo 568,91
569,Art. 569º,conteudo 569,433
570,Art. 570º,conteudo 570,216
571,Art. 571º,conteudo 571,259
572,Art. 572º,conteudo 572,159
573,Art. 573º,conteudo 573,274
574,Art. 574º,conteudo 574,366
575,Art. 575º,conteudo 575,372
576,Art. 576º,conteudo 576,259
577,Art. 577º,conteudo 577,84
578,Art. 578º,conteudo 578,174
579,Art. 579º,conteudo 579,85
580,Art. 580º,conteudo 580,287
581,Art. 581º,conteudo 581,425
582,Art. 582º,conteudo 582,399
583,Art. 583º,conteudo 583,422
584,Art. 584º,conteudo 584,400
585,Art. 585º,conteudo 585,144
586,Art. 586º,conteudo 586,202
587,Art. 587º,conteudo 587,163
588,Art. 588º,conteudo 588,182
589,Art. 589º,conteudo 589,20
590,Art. 590º,conteudo 590,334
591,Art. 591º,conteudo 591,269
592,Art. 592º,conteudo 592,235
593,Art. 593º,conteudo 593,124
594,Art. 594º,conteudo 594,85
595,Art. 595º,conteudo 595,64
596,Art. 596º,conteudo 596,92
597,Art. 597º,conteudo 597,358
598,Art. 598º,conteudo 598,22
599,Art. 599º,conteudo 599,305
600,Art. 600º,conteudo 600,52
601,Art. 601º,conteudo 601,35
602,Art. 602º,conteudo 602,307
603,Art. 603º,conteudo 603,334
604,Art. 604º,conteudo 604,308
605,Art. 605º,conteudo 605,444
606,Art. 606º,conteudo 606,359
607,Art. 607º,conteudo 607,230
608,Art. 608º,conteudo 608,96
609,Art. 609º,conteudo 609,88
610,Art. 610º,conteudo 610,340
611,Art. 611º,conteudo 611,441
612,Art. 612º,conteudo 612,433
613,Art. 613º,conteudo 613,396
614,Art. 614º,conteudo 614,384
615,Art. 615º,conteudo 615,214
616,Art. 616º,conteudo 616,168
617,Art. 617º,conteudo 617,378
618,Art. 618º,conteudo 618,292
619,Art. 619º,conteudo 619,424
620,Art. 620º,conteudo 620,339
621,Art. 621º,conteudo 621,340
622,Art. 622º,conteudo 622,295
623,Art. 623º,conteudo 623,6
624,Art. 624º,conteudo 624,291
625,Art. 625º,conteudo 625,283
626,Art. 626º,conteudo 626,195
627,Art. 627º,conteudo 627,41
628,Art. 628º,conteudo 628,422
629,Art. 629º,conteudo 629,166
630,Art. 630º,conteudo 630,369
631,Art. 631º,conteudo 631,408
632,Art. 632º,conteudo 632,413
633,Art. 633º,conteudo 633,303
634,Art. 634º,conteudo 634,66
635,Art. 635º,conteudo 635,46
636,Art. 636º,conteudo 636,467
637,Art. 637º,conteudo 637,371
638,Art. 638º,conteudo 638,353
639,Art. 639º,conteudo 639,237
640,Art. 640º,conteudo 640,104
641,Art. 641º,conteudo 641,398
642,Art. 642º,conteudo 642,348
643,Art. 643º,conteudo 643,24
644,Art. 644º,conteudo 644,404
645,Art. 645º,conteudo 645,68
646,Art. 646º,conteudo 646,493
647,Art. 647º,conteudo 647,262
648,Art. 648º,conteudo 648,198
649,Art. 649º,conteudo 649,152
650,Art. 650º,conteudo 650,357
651,Art. 651º,conteudo 651,147
652,Art. 652º,conteudo 652,462
653,Art. 653º,conteudo 653,333
654,Art. 654º,conteudo 654,393
655,Art. 655º,conteudo 655,220
656,Art. 656º,conteudo 656,312
657,Art. 657º,conteudo 657,141
658,Art. 658º,conteudo 658,168
659,Art. 659º,conteudo 659,441
660,Art. 660º,conteudo 660,380
661,Art. 661º,conteudo 661,326
662,Art. 662º,conteudo 662,447
663,Art. 663º,conteudo 663,63
664,Art. 664º,conteudo 664,482
665,Art. 665º,conteudo 665,474
666,Art. 666º,conteudo 666,459
667,Art. 667º,conteudo 667,409
668,Art. 668º,conteudo 668,437
669,Art. 669º,conteudo 669,283
670,Art. 670º,conteudo 670,337
671,Art. 671º,conteudo 671,17
672,Art. 672º,conteudo 672,322
673,Art. 673º,conteudo 673,196
674,Art. 674º,conteudo 674,114
675,Art. 675º,conteudo 675,307
676,Art. 676º,conteudo 676,100
677,Art. 677º,conteudo 677,140
678,Art. 678º,conteudo 678,372
679,Art. 679º,conteudo 679,260
680,Art. 680º,conteudo 680,469
681,Art. 681º,conteudo 681,181
682,Art. 682º,conteudo 682,7
683,Art. 683º,conteudo 683,365
684,Art. 684º,conteudo 684,219
685,Art. 685º,conteudo 685,284
686,Art. 686º,conteudo 686,492
687,Art. 687º,conteudo 687,240
688,Art. 688º,conteudo 688,114
689,Art. 689º,conteudo 689,269
690,Art. 690º,conteudo 690,229
691,Art. 691º,conteudo 691,305
692,Art. 692º,conteudo 692,4
693,Art. 693º,conteudo 693,418
694,Art. 694º,conteudo 694,212
695,Art. 695º,conteudo 695,61
696,Art. 696º,conteudo 696,403
697,Art. 697º,conteudo 697,405
698,Art. 698º,conteudo 698,156
699,Art. 699º,conteudo 699,379
700,Art. 700º,conteudo 700,467
701,Art. 701º,conteudo 701,37
702,Art. 702º,conteudo 702,146
703,Art. 703º,conteudo 703,389
704,Art. 704º,conteudo 704,129
705,Art. 705º,conteudo 705,218
706,Art. 706º,conteudo 706,206
707,Art. 707º,conteudo 707,235
708,Art. 708º,conteudo 708,284
709,Art. 709º,conteudo 709,252
710,Art. 710º,conteudo 710,261
711,Art. 711º,conteudo 711,313
712,Art. 712º,conteudo 712,278
713,Art. 713º,conteudo 713,319
714,Art. 714º,conteudo 714,25
715,Art. 715º,conteudo 715,370
716,Art. 716º,conteudo 716,8
717,Art. 717º,conteudo 717,34
718,Art. 718º,conteudo 718,110
719,Art. 719º,conteudo 719,289
720,Art. 720º,conteudo 720,165
721,Art. 721º,conteudo 721,481
722,Art. 722º,conteudo 722,102
723,Art. 723º,conteudo 723,154
724,Art. 724º,conteudo 724,182
725,Art. 725º,conteudo 725,151
726,Art. 726º,conteudo 726,384
727,Art. 727º,conteudo 727,112
728,Art. 728º,conteudo 728,449
729,Art. 729º,conteudo 729,459
730,Art. 730º,conteudo 730,459
731,Art. 731º,conteudo 731,244
732,Art. 732º,conteudo 732,68
733,Art. 733º,conteudo 733,410
734,Art. 734º,conteudo 734,214
735,Art. 735º,conteudo 735,452
736,Art. 736º,conteudo 736,353
737,Art. 737º,conteudo 737,312
738,Art. 738º,conteudo 738,245
739,Art. 739º,conteudo 739,68
740,Art. 740º,conteudo 740,384
741,Art. 741º,conteudo 741,266
742,Art. 742º,conteudo 742,418
743,Art. 743º,conteudo 743,129
744,Art. 744º,conteudo 744,235
745,Art. 745º,conteudo 745,467
746,Art. 746º,conteudo 746,191
747,Art. 747º,conteudo 747,182
748,Art. 748º,conteudo 748,131
749,Art. 749º,conteudo 749,454
750,Art. 750º,conteudo 750,445
751,Art. 751º,conteudo 751,345
752,Art. 752º,conteudo 752,161
753,Art. 753º,conteudo 753,305
754,Art. 754º,conteudo 754,299
755,Art. 755º,conteudo 755,457
756,Art. 756º,conteudo 756,85
757,Art. 757º,conteudo 757,244
758,Art. 758º,conteudo 758,140
759,Art. 759º,conteudo 759,221
760,Art. 760º,conteudo 760,284
761,Art. 761º,conteudo 761,72
762,Art. 762º,conteudo 762,156
763,Art. 763º,conteudo 763,31
764,Art. 764º,conteudo 764,16
765,Art. 765º,conteudo 765,292
766,Art. 766º,conteudo 766,333
767,Art. 767º,conteudo 767,365
768,Art. 768º,conteudo 768,63
769,Art. 769º,conteudo 769,437
770,Art. 770º,conteudo 770,353
771,Art. 771º,conteudo 771,127
772,Art. 772º,conteudo 772,91
773,Art. 773º,conteudo 773,348
774,Art. 774º,conteudo 774,250
775,Art. 775º,conteudo 775,58
776,Art. 776º,conteudo 776,202
777,Art. 777º,conteudo 777,285
778,Art. 778º,conteudo 778,25
779,Art. 779º,conteudo 779,141
780,Art. 780º,conteudo 780,46
781,Art. 781º,conteudo 781,91
782,Art. 782º,conteudo 782,177
783,Art. 783º,conteudo 783,364
784,Art. 784º,conteudo 784,490
785,Art. 785º,conteudo 785,247
786,Art. 786º,conteudo 786,21
787,Art. 787º,conteudo 787,262
788,Art. 788º,conteudo 788,386
789,Art. 789º,conteudo 789,396
790,Art. 790º,conteudo 790,490
791,Art. 791º,conteudo 791,245
792,Art. 792º,conteudo 792,215
793,Art. 793º,conteudo 793,224
794,Art. 794º,conteudo 794,431
795,Art. 795º,conteudo 795,298
796,Art. 796º,conteudo 796,431
797,Art. 797º,conteudo 797,101
798,Art. 798º,conteudo 798,310
799,Art. 799º,conteudo 799,268
800,Art. 800º,conteudo 800,447
801,Art. 801º,conteudo 801,436
802,Art. 802º,conteudo 802,367
803,Art. 803º,conteudo 803,257
804,Art. 804º,conteudo 804,6
805,Art. 805º,conteudo 805,50
806,Art. 806º,conteudo 806,18
807,Art. 807º,conteudo 807,91
808,Art. 808º,conteudo 808,53
809,Art. 809º,conteudo 809,50
810,Art. 810º,conteudo 810,441
811,Art. 811º,conteudo 811,10
812,Art. 812º,conteudo 812,104
813,Art. 813º,conteudo 813,284
814,Art. 814º,conteudo 814,121
815,Art. 815º,conteudo 815,2
816,Art. 816º,conteudo 816,489
817,Art. 817º,conteudo 817,431
818,Art. 818º,conteudo 818,464
819,Art. 819º,conteudo 819,229
820,Art. 820º,conteudo 820,315
821,Art. 821º,conteudo 821,252
822,Art. 822º,conteudo 822,125
823,Art. 823º,conteudo 823,493
824,Art. 824º,conteudo 824,487
825,Art. 825º,conteudo 825,459
826,Art. 826º,conteudo 826,337
827,Art. 827º,conteudo 827,446
828,Art. 828º,conteudo 828,125
829,Art. 829º,conteudo 829,19
830,Art. 830º,conteudo 830,288
831,Art. 831º,conteudo 831,322
832,Art. 832º,conteudo 832,81
833,Art. 833º,conteudo 833,287
834,Art. 834º,conteudo 834,17
835,Art. 835º,conteudo 835,239
836,Art. 836º,conteudo 836,205
837,Art. 837º,conteudo 837,476
838,Art. 838º,conteudo 838,36
839,Art. 839º,conteudo 839,190
840,Art. 840º,conteudo 840,417
841,Art. 841º,conteudo 841,367
842,Art. 842º,conteudo 842,284
843,Art. 843º,conteudo 843,166
844,Art. 844º,conteudo 844,262
845,Art. 845º,conteudo 845,13
846,Art. 846º,conteudo 846,274
847,Art. 847º,conteudo 847,197
848,Art. 848º,conteudo 848,180
849,Art. 849º,conteudo 849,408
850,Art. 850º,conteudo 850,287
851,Art. 851º,conteudo 851,434
852,Art. 852º,conteudo 852,25
853,Art. 853º,conteudo 853,228
854,Art. 854º,conteudo 854,30
855,Art. 855º,conteudo 855,120
856,Art. 856º,conteudo 856,68
857,Art. 857º,conteudo 857,461
858,Art. 858º,conteudo 858,113
859,Art. 859º,conteudo 859,30
860,Art. 860º,conteudo 860,140
861,Art. 861º,conteudo 861,419
862,Art. 862º,conteudo 862,256
863,Art. 863º,conteudo 863,36
864,Art. 864º,conteudo 864,301
865,Art. 865º,conteudo 865,65
866,Art. 866º,conteudo 866,65
867,Art. 867º,conteudo 867,28
868,Art. 868º,conteudo 868,49
869,Art. 869º,conteudo 869,251
870,Art. 870º,conteudo 870,237
871,Art. 871º,conteudo 871,36
872,Art. 872º,conteudo 872,186
873,Art. 873º,conteudo 873,278
874,Art. 874º,conteudo 874,422
875,Art. 875º,conteudo 875,491
876,Art. 876º,conteudo 876,68
877,Art. 877º,conteudo 877,454
878,Art. 878º,conteudo 878,290
879,Art. 879º,conteudo 879,433
880,Art. 880º,conteudo 880,346
881,Art. 881º,conteudo 881,466
882,Art. 882º,conteudo 882,217
883,Art. 883º,conteudo 883,156
884,Art. 884º,conteudo 884,356
885,Art. 885º,conteudo 885,340
886,Art. 886º,conteudo 886,171
887,Art. 887º,conteudo 887,308
888,Art. 888º,conteudo 888,143
889,Art. 889º,conteudo 889,58
890,Art. 890º,conteudo 890,37
891,Art. 891º,conteudo 891,263
892,Art. 892º,conteudo 892,188
893,Art. 893º,conteudo 893,489
894,Art. 894º,conteudo 894,417
895,Art. 895º,conteudo 895,125
896,Art. 896º,conteudo 896,66
897,Art. 897º,conteudo 897,382
898,Art. 898º,conteudo 898,385
899,Art. 899º,conteudo 899,165
900,Art. 900º,conteudo 900,37
901,Art. 901º,conteudo 901,405
902,Art. 902º,conteudo 902,291
903,Art. 903º,conteudo 903,437
904,Art. 904º,conteudo 904,481
905,Art. 905º,conteudo 905,341
906,Art. 906º,conteudo 906,465
907,Art. 907º,conteudo 907,118
908,Art. 908º,conteudo 908,95
909,Art. 909º,conteudo 909,423
910,Art. 910º,conteudo 910,224
911,Art. 911º,conteudo 911,319
912,Art. 912º,conteudo 912,66
913,Art. 913º,conteudo 913,214
914,Art. 914º,conteudo 914,320
915,Art. 915º,conteudo 915,110
916,Art. 916º,conteudo 916,253
917,Art. 917º,conteudo 917,378
918,Art. 918º,conteudo 918,299
919,Art. 919º,conteudo 919,372
920,Art. 920º,conteudo 920,306
921,Art. 921º,conteudo 921,461
922,Art. 922º,conteudo 922,257
923,Art. 923º,conteudo 923,134
924,Art. 924º,conteudo 924,112
925,Art. 925º,conteudo 925,57
926,Art. 926º,conteudo 926,376
927,Art. 927º,conteudo 927,256
928,Art. 928º,conteudo 928,136
929,Art. 929º,conteudo 929,250
930,Art. 930º,conteudo 930,271
931,Art. 931º,conteudo 931,214
932,Art. 932º,conteudo 932,141
933,Art. 933º,conteudo 933,38
934,Art. 934º,conteudo 934,493
935,Art. 935º,conteudo 935,380
936,Art. 936º,conteudo 936,464
937,Art. 937º,conteudo 937,212
938,Art. 938º,conteudo 938,189
939,Art. 939º,conteudo 939,337
940,Art. 940º,conteudo 940,3
941,Art. 941º,conteudo 941,385
942,Art. 942º,conteudo 942,48
943,Art. 943º,conteudo 943,325
944,Art. 944º,conteudo 944,217
945,Art. 945º,conteudo 945,65
946,Art. 946º,conteudo 946,185
947,Art. 947º,conteudo 947,244
948,Art. 948º,conteudo 948,68
949,Art. 949º,conteudo 949,166
950,Art. 950º,conteudo 950,99
951,Art. 951º,conteudo 951,317
952,Art. 952º,conteudo 952,231
953,Art. 953º,conteudo 953,240
954,Art. 954º,conteudo 954,444
955,Art. 955º,conteudo 955,42
956,Art. 956º,conteudo 956,497
957,Art. 957º,conteudo 957,434
958,Art. 958º,conteudo 958,111
959,Art. 959º,conteudo 959,380
960,Art. 960º,conteudo 960,320
961,Art. 961º,conteudo 961,243
962,Art. 962º,conteudo 962,179
963,Art. 963º,conteudo 963,227
964,Art. 964º,conteudo 964,339
965,Art. 965º,conteudo 965,370
966,Art. 966º,conteudo 966,371
967,Art. 967º,conteudo 967,290
968,Art. 968º,conteudo 968,101
969,Art. 969º,conteudo 969,210
970,Art. 970º,conteudo 970,151
971,Art. 971º,conteudo 971,66
972,Art. 972º,conteudo 972,413
973,Art. 973º,conteudo 973,45
974,Art. 974º,conteudo 974,224
975,Art. 975º,conteudo 975,392
976,Art. 976º,conteudo 976,123
977,Art. 977º,conteudo 977,131
978,Art. 978º,conteudo 978,176
979,Art. 979º,conteudo 979,241
980,Art. 980º,conteudo 980,448
981,Art. 981º,conteudo 981,498
982,Art. 982º,conteudo 982,361
983,Art. 983º,conteudo 983,470
984,Art. 984º,conteudo 984,396
985,Art. 985º,conteudo 985,180
986,Art. 986º,conteudo 986,493
987,Art. 987º,conteudo 987,133
988,Art. 988º,conteudo 988,137
989,Art. 989º,conteudo 989,100
990,Art. 990º,conteudo 990,223
991,Art. 991º,conteudo 991,245
992,Art. 992º,conteudo 992,372
993,Art. 993º,conteudo 993,388
994,Art. 994º,conteudo 994,172
995,Art. 995º,conteudo 995,292
996,Art. 996º,conteudo 996,196
997,Art. 997º,conteudo 997,122
998,Art. 998º,conteudo 998,272
999,Art. 999º,conteudo 999,389
1000,Art. 1000º,conteudo 1000,197
1001,Art. 1001º,conteudo 1001,274
1002,Art. 1002º,conteudo 1002,250
1003,Art. 1003º,conteudo 1003,440
1004,Art. 1004º,conteudo 1004,169
1005,Art. 1005º,conteudo 1005,306
1006,Art. 1006º,conteudo 1006,468
1007,Art. 1007º,conteudo 1007,447
1008,Art. 1008º,conteudo 1008,349
1009,Art. 1009º,conteudo 1009,125
1010,Art. 1010º,conteudo 1010,36
1011,Art. 1011º,conteudo 1011,459
1012,Art. 1012º,conteudo 1012,339
1013,Art. 1013º,conteudo 1013,368
1014,Art. 1014º,conteudo 1014,395
1015,Art. 1015º,conteudo 1015,478
1016,Art. 1016º,conteudo 1016,138
1017,Art. 1017º,conteudo 1017,327
1018,Art. 1018º,conteudo 1018,105
1019,Art. 1019º,conteudo 1019,458
1020,Art. 1020º,conteudo 1020,34
1021,Art. 1021º,conteudo 1021,472
1022,Art. 1022º,conteudo 1022,50
1023,Art. 1023º,conteudo 1023,119
1024,Art. 1024º,conteudo 1024,140
1025,Art. 1025º,conteudo 1025,213
1026,Art. 1026º,conteudo 1026,459
1027,Art. 1027º,conteudo 1027,295
1028,Art. 1028º,conteudo 1028,369
1029,Art. 1029º,conteudo 1029,460
1030,Art. 1030º,conteudo 1030,207
1031,Art. 1031º,conteudo 1031,280
1032,Art. 1032º,conteudo 1032,171
1033,Art. 1033º,conteudo 1033,83
1034,Art. 1034º,conteudo 1034,99
1035,Art. 1035º,conteudo 1035,231
1036,Art. 1036º,conteudo 1036,178
1037,Art. 1037º,conteudo 1037,300
1038,Art. 1038º,conteudo 1038,463
1039,Art. 1039º,conteudo 1039,57
1040,Art. 1040º,conteudo 1040,472
1041,Art. 1041º,conteudo 1041,50
1042,Art. 1042º,conteudo 1042,181
1043,Art. 1043º,conteudo 1043,88
1044,Art. 1044º,conteudo 1044,12
1045,Art. 1045º,conteudo 1045,478
1046,Art. 1046º,conteudo 1046,77
1047,Art. 1047º,conteudo 1047,374
1048,Art. 1048º,conteudo 1048,142
1049,Art. 1049º,conteudo 1049,474
1050,Art. 1050º,conteudo 1050,262
1051,Art. 1051º,conteudo 1051,462
1052,Art. 1052º,conteudo 1052,285
1053,Art. 1053º,conteudo 1053,475
1054,Art. 1054º,conteudo 1054,198
1055,Art. 1055º,conteudo 1055,142
1056,Art. 1056º,conteudo 1056,324
1057,Art. 1057º,conteudo 1057,141
1058,Art. 1058º,conteudo 1058,357
1059,Art. 1059º,conteudo 1059,102
1060,Art. 1060º,conteudo 1060,406
1061,Art. 1061º,conteudo 1061,99
1062,Art. 1062º,conteudo 1062,82
1063,Art. 1063º,conteudo 1063,404
1064,Art. 1064º,conteudo 1064,329
1065,Art. 1065º,conteudo 1065,406
1066,Art. 1066º,conteudo 1066,478
1067,Art. 1067º,conteudo 1067,344
1068,Art. 1068º,conteudo 1068,427
1069,Art. 1069º,conteudo 1069,319
1070,Art. 1070º,conteudo 1070,346
1071,Art. 1071º,conteudo 1071,490
1072,Art. 1072º,conteudo 1072,486
1073,Art. 1073º,conteudo 1073,247
1074,Art. 1074º,conteudo 1074,84
1075,Art. 1075º,conteudo 1075,425
1076,Art. 1076º,conteudo 1076,184
1077,Art. 1077º,conteudo 1077,404
1078,Art. 1078º,conteudo 1078,152
1079,Art. 1079º,conteudo 1079,407
1080,Art. 1080º,conteudo 1080,412
1081,Art. 1081º,conteudo 1081,324
1082,Art. 1082º,conteudo 1082,424
1083,Art. 1083º,conteudo 1083,489
1084,Art. 1084º,conteudo 1084,277
1085,Art. 1085º,conteudo 1085,361
1086,Art. 1086º,conteudo 1086,394
1087,Art. 1087º,conteudo 1087,107
1088,Art. 1088º,conteudo 1088,266
1089,Art. 1089º,conteudo 1089,273
1090,Art. 1090º,conteudo 1090,64
1091,Art. 1091º,conteudo 1091,374
1092,Art. 1092º,conteudo 1092,342
1093,Art. 1093º,conteudo 1093,116
1094,Art. 1094º,conteudo 1094,259
1095,Art. 1095º,conteudo 1095,239
1096,Art. 1096º,conteudo 1096,21
1097,Art. 1097º,conteudo 1097,402
1098,Art. 1098º,conteudo 1098,440
1099,Art. 1099º,conteudo 1099,217
1100,Art. 1100º,conteudo 1100,163
1101,Art. 1101º,conteudo 1101,299
1102,Art. 1102º,conteudo 1102,50
1103,Art. 1103º,conteudo 1103,418
1104,Art. 1104º,conteudo 1104,231
1105,Art. 1105º,conteudo 1105,82
1106,Art. 1106º,conteudo 1106,127
1107,Art. 1107º,conteudo 1107,207
1108,Art. 1108º,conteudo 1108,259
1109,Art. 1109º,conteudo 1109,46
1110,Art. 1110º,conteudo 1110,166
1111,Art. 1111º,conteudo 1111,345
1112,Art. 1112º,conteudo 1112,115
1113,Art. 1113º,conteudo 1113,451
1114,Art. 1114º,conteudo 1114,434
1115,Art. 1115º,conteudo 1115,440
1116,Art. 1116º,conteudo 1116,350
1117,Art. 1117º,conteudo 1117,393
1118,Art. 1118º,conteudo 1118,309
1119,Art. 1119º,conteudo 1119,478
1120,Art. 1120º,conteudo 1120,484
1121,Art. 1121º,conteudo 1121,253
1122,Art. 1122º,conteudo 1122,168
1123,Art. 1123º,conteudo 1123,229
1124,Art. 1124º,conteudo 1124,478
1125,Art. 1125º,conteudo 1125,454
1126,Art. 1126º,conteudo 1126,21
1127,Art. 1127º,conteudo 1127,300
1128,Art. 1128º,conteudo 1128,416
1129,Art. 1129º,conteudo 1129,445
1130,Art. 1130º,conteudo 1130,267
1131,Art. 1131º,conteudo 1131,247
1132,Art. 1132º,conteudo 1132,413
1133,Art. 1133º,conteudo 1133,323
1134,Art. 1134º,conteudo 1134,350
1135,Art. 1135º,conteudo 1135,300
1136,Art. 1136º,conteudo 1136,259
1137,Art. 1137º,conteudo 1137,55
1138,Art. 1138º,conteudo 1138,92
1139,Art. 1139º,conteudo 1139,193
1140,Art. 1140º,conteudo 1140,222
1141,Art. 1141º,conteudo 1141,52
1142,Art. 1142º,conteudo 1142,375
1143,Art. 1143º,conteudo 1143,467
1144,Art. 1144º,conteudo 1144,192
1145,Art. 1145º,conteudo 1145,41
1146,Art. 1146º,conteudo 1146,150
1147,Art. 1147º,conteudo 1147,382
1148,Art. 1148º,conteudo 1148,200
1149,Art. 1149º,conteudo 1149,170
1150,Art. 1150º,conteudo 1150,391
1151,Art. 1151º,conteudo 1151,396
1152,Art. 1152º,conteudo 1152,470
1153,Art. 1153º,conteudo 1153,147
1154,Art. 1154º,conteudo 1154,133
1155,Art. 1155º,conteudo 1155,389
1156,Art. 1156º,conteudo 1156,467
1157,Art. 1157º,conteudo 1157,94
1158,Art. 1158º,conteudo 1158,203
1159,Art. 1159º,conteudo 1159,392
1160,Art. 1160º,conteudo 1160,335
1161,Art. 1161º,conteudo 1161,152
1162,Art. 1162º,conteudo 1162,91
1163,Art. 1163º,conteudo 1163,27
1164,Art. 1164º,conteudo 1164,300
1165,Art. 1165º,conteudo 1165,110
1166,Art. 1166º,conteudo 1166,112
1167,Art. 1167º,conteudo 1167,352
1168,Art. 1168º,conteudo 1168,186
1169,Art. 1169º,conteudo 1169,316
1170,Art. 1170º,conteudo 1170,285
1171,Art. 1171º,conteudo 1171,425
1172,Art. 1172º,conteudo 1172,442
1173,Art. 1173º,conteudo 1173,385
1174,Art. 1174º,conteudo 1174,423
1175,Art. 1175º,conteudo 1175,313
1176,Art. 1176º,conteudo 1176,249
1177,Art. 1177º,conteudo 1177,20
1178,Art. 1178º,conteudo 1178,217
1179,Art. 1179º,conteudo 1179,321
1180,Art. 1180º,conteudo 1180,8
1181,Art. 1181º,conteudo 1181,239
1182,Art. 1182º,conteudo 1182,410
1183,Art. 1183º,conteudo 1183,298
1184,Art. 1184º,conteudo 1184,309
1185,Art. 1185º,conteudo 1185,262
1186,Art. 1186º,conteudo 1186,228
1187,Art. 1187º,conteudo 1187,476
1188,Art. 1188º,conteudo 1188,157
1189,Art. 1189º,conteudo 1189,48
1190,Art. 1190º,conteudo 1190,481
1191,Art. 1191º,conteudo 1191,114
1192,Art. 1192º,conteudo 1192,358
1193,Art. 1193º,conteudo 1193,480
1194,Art. 1194º,conteudo 1194,436
1195,Art. 1195º,conteudo 1195,413
1196,Art. 1196º,conteudo 1196,287
1197,Art. 1197º,conteudo 1197,89
1198,Art. 1198º,conteudo 1198,427
1199,Art. 1199º,conteudo 1199,31
1200,Art. 1200º,conteudo 1200,113
1201,Art. 1201º,conteudo 1201,44
1202,Art. 1202º,conteudo 1202,73
1203,Art. 1203º,conteudo 1203,91
1204,Art. 1204º,conteudo 1204,252
1205,Art. 1205º,conteudo 1205,459
1206,Art. 1206º,conteudo 1206,318
1207,Art. 1207º,conteudo 1207,7
1208,Art. 1208º,conteudo 1208,476
1209,Art. 1209º,conteudo 1209,418
1210,Art. 1210º,conteudo 1210,486
1211,Art. 1211º,conteudo 1211,110
1212,Art. 1212º,conteudo 1212,265
1213,Art. 1213º,conteudo 1213,161
1214,Art. 1214º,conteudo 1214,354
1215,Art. 1215º,conteudo 1215,214
1216,Art. 1216º,conteudo 1216,348
1217,Art. 1217º,conteudo 1217,121
1218,Art. 1218º,conteudo 1218,172
1219,Art. 1219º,conteudo 1219,139
1220,Art. 1220º,conteudo 1220,388
1221,Art. 1221º,conteudo 1221,280
1222,Art. 1222º,conteudo 1222,84
1223,Art. 1223º,conteudo 1223,15
1224,Art. 1224º,conteudo 1224,225
1225,Art. 1225º,conteudo 1225,33
1226,Art. 1226º,conteudo 1226,445
1227,Art. 1227º,conteudo 1227,385
1228,Art. 1228º,conteudo 1228,356
1229,Art. 1229º,conteudo 1229,181
1230,Art. 1230º,conteudo 1230,42
1231,Art. 1231º,conteudo 1231,199
1232,Art. 1232º,conteudo 1232,398
1233,Art. 1233º,conteudo 1233,178
1234,Art. 1234º,conteudo 1234,94
1235,Art. 1235º,conteudo 1235,463
1236,Art. 1236º,conteudo 1236,449
1237,Art. 1237º,conteudo 1237,359
1238,Art. 1238º,conteudo 1238,10
1239,Art. 1239º,conteudo 1239,468
1240,Art. 1240º,conteudo 1240,480
1241,Art. 1241º,conteudo 1241,456
1242,Art. 1242º,conteudo 1242,360
1243,Art. 1243º,conteudo 1243,403
1244,Art. 1244º,conteudo 1244,500
1245,Art. 1245º,conteudo 1245,435
1246,Art. 1246º,conteudo 1246,406
1247,Art. 1247º,conteudo 1247,188
1248,Art. 1248º,conteudo 1248,479
1249,Art. 1249º,conteudo 1249,241
1250,Art. 1250º,conteudo 1250,368
1251,Art. 1251º,conteudo 1251,84
1252,Art. 1252º,conteudo 1252,152
1253,Art. 1253º,conteudo 1253,49
1254,Art. 1254º,conteudo 1254,345
1255,Art. 1255º,conteudo 1255,188
1256,Art. 1256º,conteudo 1256,480
1257,Art. 1257º,conteudo 1257,24
1258,Art. 1258º,conteudo 1258,232
1259,Art. 1259º,conteudo 1259,57
1260,Art. 1260º,conteudo 1260,57
1261,Art. 1261º,conteudo 1261,420
1262,Art. 1262º,conteudo 1262,105
1263,Art. 1263º,conteudo 1263,481
1264,Art. 1264º,conteudo 1264,232
1265,Art. 1265º,conteudo 1265,218
1266,Art. 1266º,conteudo 1266,192
1267,Art. 1267º,conteudo 1267,113
1268,Art. 1268º,conteudo 1268,462
1269,Art. 1269º,conteudo 1269,190
1270,Art. 1270º,conteudo 1270,21
1271,Art. 1271º,conteudo 1271,105
1272,Art. 1272º,conteudo 1272,53
1273,Art. 1273º,conteudo 1273,109
1274,Art. 1274º,conteudo 1274,97
1275,Art. 1275º,conteudo 1275,498
1276,Art. 1276º,conteudo 1276,247
1277,Art. 1277º,conteudo 1277,314
1278,Art. 1278º,conteudo 1278,276
1279,Art. 1279º,conteudo 1279,128
1280,Art. 1280º,conteudo 1280,106
1281,Art. 1281º,conteudo 1281,32
1282,Art. 1282º,conteudo 1282,364
1283,Art. 1283º,conteudo 1283,270
1284,Art. 1284º,conteudo 1284,266
1285,Art. 1285º,conteudo 1285,3
1286,Art. 1286º,conteudo 1286,274
1287,Art. 1287º,conteudo 1287,63
1288,Art. 1288º,conteudo 1288,106
1289,Art. 1289º,conteudo 1289,426
1290,Art. 1290º,conteudo 1290,349
1291,Art. 1291º,conteudo 1291,484
1292,Art. 1292º,conteudo 1292,159
1293,Art. 1293º,conteudo 1293,437
1294,Art. 1294º,conteudo 1294,235
1295,Art. 1295º,conteudo 1295,471
1296,Art. 1296º,conteudo 1296,35
1297,Art. 1297º,conteudo 1297,12
1298,Art. 1298º,conteudo 1298,492
1299,Art. 1299º,conteudo 1299,387
1300,Art. 1300º,conteudo 1300,384
1301,Art. 1301º,conteudo 1301,189
1302,Art. 1302º,conteudo 1302,221
1303,Art. 1303º,conteudo 1303,110
1304,Art. 1304º,conteudo 1304,246
1305,Art. 1305º,conteudo 1305,449
1306,Art. 1306º,conteudo 1306,169
1307,Art. 1307º,conteudo 1307,181
1308,Art. 1308º,conteudo 1308,52
1309,Art. 1309º,conteudo 1309,155
1310,Art. 1310º,conteudo 1310,466
1311,Art. 1311º,conteudo 1311,100
1312,Art. 1312º,conteudo 1312,141
1313,Art. 1313º,conteudo 1313,240
1314,Art. 1314º,conteudo 1314,61
1315,Art. 1315º,conteudo 1315,356
1316,Art. 1316º,conteudo 1316,335
1317,Art. 1317º,conteudo 1317,387
1318,Art. 1318º,conteudo 1318,467
1319,Art. 1319º,conteudo 1319,350
1320,Art. 1320º,conteudo 1320,258
1321,Art. 1321º,conteudo 1321,69
1322,Art. 1322º,conteudo 1322,490
1323,Art. 1323º,conteudo 1323,287
1324,Art. 1324º,conteudo 1324,127
1325,Art. 1325º,conteudo 1325,138
1326,Art. 1326º,conteudo 1326,287
1327,Art. 1327º,conteudo 1327,119
1328,Art. 1328º,conteudo 1328,109
1329,Art. 1329º,conteudo 1329,280
1330,Art. 1330º,conteudo 1330,11
1331,Art. 1331º,conteudo 1331,64
1332,Art. 1332º,conteudo 1332,323
1333,Art. 1333º,conteudo 1333,237
1334,Art. 1334º,conteudo 1334,431
1335,Art. 1335º,conteudo 1335,166
1336,Art. 1336º,conteudo 1336,221
1337,Art. 1337º,conteudo 1337,481
1338,Art. 1338º,conteudo 1338,114
1339,Art. 1339º,conteudo 1339,136
1340,Art. 1340º,conteudo 1340,44
1341,Art. 1341º,conteudo 1341,313
1342,Art. 1342º,conteudo 1342,220
1343,Art. 1343º,conteudo 1343,354
1344,Art. 1344º,conteudo 1344,395
1345,Art. 1345º,conteudo 1345,291
1346,Art. 1346º,conteudo 1346,340
1347,Art. 1347º,conteudo 1347,202
1348,Art. 1348º,conteudo 1348,473
1349,Art. 1349º,conteudo 1349,256
1350,Art. 1350º,conteudo 1350,158
1351,Art. 1351º,conteudo 1351,86
1352,Art. 1352º,conteudo 1352,78
1353,Art. 1353º,conteudo 1353,434
1354,Art. 1354º,conteudo 1354,35
1355,Art. 1355º,conteudo 1355,247
1356,Art. 1356º,conteudo 1356,297
1357,Art. 1357º,conteudo 1357,258
1358,Art. 1358º,conteudo 1358,85
1359,Art. 1359º,conteudo 1359,87
1360,Art. 1360º,conteudo 1360,50
1361,Art. 1361º,conteudo 1361,389
1362,Art. 1362º,conteudo 1362,312
1363,Art. 1363º,conteudo 1363,86
1364,Art. 1364º,conteudo 1364,76
1365,Art. 1365º,conteudo 1365,316
1366,Art. 1366º,conteudo 1366,263
1367,Art. 1367º,conteudo 1367,341
1368,Art. 1368º,conteudo 1368,268
1369,Art. 1369º,conteudo 1369,311
1370,Art. 1370º,conteudo 1370,454
1371,Art. 1371º,conteudo 1371,379
1372,Art. 1372º,conteudo 1372,251
1373,Art. 1373º,conteudo 1373,246
1374,Art. 1374º,conteudo 1374,380
1375,Art. 1375º,conteudo 1375,209
1376,Art. 1376º,conteudo 1376,316
1377,Art. 1377º,conteudo 1377,257
1378,Art. 1378º,conteudo 1378,475
1379,Art. 1379º,conteudo 1379,321
1380,Art. 1380º,conteudo 1380,384
1381,Art. 1381º,conteudo 1381,342
1382,Art. 1382º,conteudo 1382,118
1383,Art. 1383º,conteudo 1383,431
1384,Art. 1384º,conteudo 1384,4
1385,Art. 1385º,conteudo 1385,209
1386,Art. 1386º,conteudo 1386,362
1387,Art. 1387º,conteudo 1387,204
1388,Art. 1388º,conteudo 1388,432
1389,Art. 1389º,conteudo 1389,421
1390,Art. 1390º,conteudo 1390,416
1391,Art. 1391º,conteudo 1391,238
1392,Art. 1392º,conteudo 1392,451
1393,Art. 1393º,conteudo 1393,112
1394,Art. 1394º,conteudo 1394,383
1395,Art. 1395º,conteudo 1395,149
1396,Art. 1396º,conteudo 1396,64
1397,Art. 1397º,conteudo 1397,370
1398,Art. 1398º,conteudo 1398,152
1399,Art. 1399º,conteudo 1399,451
1400,Art. 1400º,conteudo 1400,14
1401,Art. 1401º,conteudo 1401,457
1402,Art. 1402º,conteudo 1402,149
1403,Art. 1403º,conteudo 1403,197
1404,Art. 1404º,conteudo 1404,285
1405,Art. 1405º,conteudo 1405,498
1406,Art. 1406º,conteudo 1406,420
1407,Art. 1407º,conteudo 1407,174
1408,Art. 1408º,conteudo 1408,323
1409,Art. 1409º,conteudo 1409,154
1410,Art. 1410º,conteudo 1410,339
1411,Art. 1411º,conteudo 1411,281
1412,Art. 1412º,conteudo 1412,305
1413,Art. 1413º,conteudo 1413,4
1414,Art. 1414º,conteudo 1414,421
1415,Art. 1415º,conteudo 1415,83
1416,Art. 1416º,conteudo 1416,132
1417,Art. 1417º,conteudo 1417,463
1418,Art. 1418º,conteudo 1418,89
1419,Art. 1419º,conteudo 1419,112
1420,Art. 1420º,conteudo 1420,440
1421,Art. 1421º,conteudo 1421,181
1422,Art. 1422º,conteudo 1422,250
1423,Art. 1423º,conteudo 1423,21
1424,Art. 1424º,conteudo 1424,147
1425,Art. 1425º,conteudo 1425,168
1426,Art. 1426º,conteudo 1426,39
1427,Art. 1427º,conteudo 1427,256
1428,Art. 1428º,conteudo 1428,348
1429,Art. 1429º,conteudo 1429,359
1430,Art. 1430º,conteudo 1430,46
1431,Art. 1431º,conteudo 1431,366
1432,Art. 1432º,conteudo 1432,221
1433,Art. 1433º,conteudo 1433,172
1434,Art. 1434º,conteudo 1434,375
1435,Art. 1435º,conteudo 1435,66
1436,Art. 1436º,conteudo 1436,221
1437,Art. 1437º,conteudo 1437,165
1438,Art. 1438º,conteudo 1438,367
1439,Art. 1439º,conteudo 1439,26
1440,Art. 1440º,conteudo 1440,212
1441,Art. 1441º,conteudo 1441,152
1442,Art. 1442º,conteudo 1442,243
1443,Art. 1443º,conteudo 1443,370
1444,Art. 1444º,conteudo 1444,63
1445,Art. 1445º,conteudo 1445,406
1446,Art. 1446º,conteudo 1446,385
1447,Art. 1447º,conteudo 1447,172
1448,Art. 1448º,conteudo 1448,319
1449,Art. 1449º,conteudo 1449,472
1450,Art. 1450º,conteudo 1450,247
1451,Art. 1451º,conteudo 1451,42
1452,Art. 1452º,conteudo 1452,277
1453,Art. 1453º,conteudo 1453,80
1454,Art. 1454º,conteudo 1454,110
1455,Art. 1455º,conteudo 1455,24
1456,Art. 1456º,conteudo 1456,391
1457,Art. 1457º,conteudo 1457,159
1458,Art. 1458º,conteudo 1458,446
1459,Art. 1459º,conteudo 1459,352
1460,Art. 1460º,conteudo 1460,194
1461,Art. 1461º,conteudo 1461,318
1462,Art. 1462º,conteudo 1462,160
1463,Art. 1463º,conteudo 1463,220
1464,Art. 1464º,conteudo 1464,399
1465,Art. 1465º,conteudo 1465,483
1466,Art. 1466º,conteudo 1466,56
1467,Art. 1467º,conteudo 1467,241
1468,Art. 1468º,conteudo 1468,236
1469,Art. 1469º,conteudo 1469,458
1470,Art. 1470º,conteudo 1470,208
1471,Art. 1471º,conteudo 1471,390
1472,Art. 1472º,conteudo 1472,102
1473,Art. 1473º,conteudo 1473,431
1474,Art. 1474º,conteudo 1474,124
1475,Art. 1475º,conteudo 1475,317
1476,Art. 1476º,conteudo 1476,237
1477,Art. 1477º,conteudo 1477,497
1478,Art. 1478º,conteudo 1478,102
1479,Art. 1479º,conteudo 1479,217
1480,Art. 1480º,conteudo 1480,77
1481,Art. 1481º,conteudo 1481,285
1482,Art. 1482º,conteudo 1482,352
1483,Art. 1483º,conteudo 1483,432
1484,Art. 1484º,conteudo 1484,368
1485,Art. 1485º,conteudo 1485,191
1486,Art. 1486º,conteudo 1486,280
1487,Art. 1487º,conteudo 1487,18
1488,Art. 1488º,conteudo 1488,297
1489,Art. 1489º,conteudo 1489,371
1490,Art. 1490º,conteudo 1490,483
1491,Art. 1491º,conteudo 1491,13
1492,Art. 1492º,conteudo 1492,114
1493,Art. 1493º,conteudo 1493,428
1494,Art. 1494º,conteudo 1494,463
1495,Art. 1495º,conteudo 1495,396
1496,Art. 1496º,conteudo 1496,169
1497,Art. 1497º,conteudo 1497,458
1498,Art. 1498º,conteudo 1498,236
1499,Art. 1499º,conteudo 1499,317
1500,Art. 1500º,conteudo 1500,429
