paragrafo_id,paragrafo_numero,paragrafo_conteudo,artigo_id
1,§ 1º,conteudo 1,1143
2,§ 2º,conteudo 2,589
3,§ 3º,conteudo 3,138
4,§ 4º,conteudo 4,1161
5,§ 5º,conteudo 5,547
6,§ 6º,conteudo 6,6
7,§ 7º,conteudo 7,818
8,§ 8º,conteudo 8,1215
9,§ 9º,conteudo 9,1412
10,§ 10º,conteudo 10,76
11,§ 11º,conteudo 11,578
12,§ 12º,conteudo 12,655
13,§ 13º,conteudo 13,746
14,§ 14º,conteudo 14,236
15,§ 15º,conteudo 15,916
16,§ 16º,conteudo 16,160
17,§ 17º,conteudo 17,35
18,§ 18º,conteudo 18,853
19,§ 19º,conteudo 19,889
20,§ 20º,conteudo 20,319
21,§ 21º,conteudo 21,1248
22,§ 22º,conteudo 22,360
23,§ 23º,conteudo 23,1372
24,§ 24º,conteudo 24,40
25,§ 25º,conteudo 25,948
26,§ 26º,conteudo 26,917
27,§ 27º,conteudo 27,42
28,§ 28º,conteudo 28,463
29,§ 29º,conteudo 29,1214
30,§ 30º,conteudo 30,856
31,§ 31º,conteudo 31,680
32,§ 32º,conteudo 32,477
33,§ 33º,conteudo 33,1066
34,§ 34º,conteudo 34,891
35,§ 35º,conteudo 35,1047
36,§ 36º,conteudo 36,1143
37,§ 37º,conteudo 37,1044
38,§ 38º,conteudo 38,1354
39,§ 39º,conteudo 39,128
40,§ 40º,conteudo 40,751
41,§ 41º,conteudo 41,156
42,§ 42º,conteudo 42,24
43,§ 43º,conteudo 43,159
44,§ 44º,conteudo 44,1347
45,§ 45º,conteudo 45,1169
46,§ 46º,conteudo 46,576
47,§ 47º,conteudo 47,765
48,§ 48º,conteudo 48,774
49,§ 49º,conteudo 49,259
50,§ 50º,conteudo 50,906
51,§ 51º,conteudo 51,1052
52,§ 52º,conteudo 52,957
53,§ 53º,conteudo 53,726
54,§ 54º,conteudo 54,478
55,§ 55º,conteudo 55,49
56,§ 56º,conteudo 56,1475
57,§ 57º,conteudo 57,1055
58,§ 58º,conteudo 58,300
59,§ 59º,conteudo 59,756
60,§ 60º,conteudo 60,833
61,§ 61º,conteudo 61,1193
62,§ 62º,conteudo 62,91
63,§ 63º,conteudo 63,709
64,§ 64º,conteudo 64,504
65,§ 65º,conteudo 65,1394
66,§ 66º,conteudo 66,406
67,§ 67º,conteudo 67,686
68,§ 68º,conteudo 68,812
69,§ 69º,conteudo 69,248
70,§ 70º,conteudo 70,1302
71,§ 71º,conteudo 71,258
72,§ 72º,conteudo 72,1071
73,§ 73º,conteudo 73,1409
74,§ 74º,conteudo 74,1265
75,§ 75º,conteudo 75,4
76,§ 76º,conteudo 76,436
77,§ 77º,conteudo 77,1495
78,§ 78º,conteudo 78,99
79,§ 79º,conteudo 79,1011
80,§ 80º,conteudo 80,1258
81,§ 81º,conteudo 81,678
82,§ 82º,conteudo 82,249
83,§ 83º,conteudo 83,681
84,§ 84º,conteudo 84,1005
85,§ 85º,conteudo 85,938
86,§ 86º,conteudo 86,1439
87,§ 87º,conteudo 87,623
88,§ 88º,conteudo 88,133
89,§ 89º,conteudo 89,331
90,§ 90º,conteudo 90,1288
91,§ 91º,conteudo 91,592
92,§ 92º,conteudo 92,373
93,§ 93º,conteudo 93,954
94,§ 94º,conteudo 94,1120
95,§ 95º,conteudo 95,340
96,§ 96º,conteudo 96,819
97,§ 97º,conteudo 97,126
98,§ 98º,conteudo 98,171
99,§ 99º,conteudo 99,935
100,§ 100º,conteudo 100,561
101,§ 101º,conteudo 101,12
102,§ 102º,conteudo 102,1244
103,§ 103º,conteudo 103,363
104,§ 104º,conteudo 104,328
105,§ 105º,conteudo 105,642
106,§ 106º,conteudo 106,391
107,§ 107º,conteudo 107,556
108,§ 108º,conteudo 108,243
109,§ 109º,conteudo 109,1151
110,§ 110º,conteudo 110,853
111,§ 111º,conteudo 111,1240
112,§ 112º,conteudo 112,519
113,§ 113º,conteudo 113,786
114,§ 114º,conteudo 114,442
115,§ 115º,conteudo 115,1268
116,§ 116º,conteudo 116,409
117,§ 117º,conteudo 117,631
118,§ 118º,conteudo 118,1257
119,§ 119º,conteudo 119,73
120,§ 120º,conteudo 120,1391
121,§ 121º,conteudo 121,1492
122,§ 122º,conteudo 122,448
123,§ 123º,conteudo 123,752
124,§ 124º,conteudo 124,114
125,§ 125º,conteudo 125,1460
126,§ 126º,conteudo 126,1037
127,§ 127º,conteudo 127,1033
128,§ 128º,conteudo 128,79
129,§ 129º,conteudo 129,941
130,§ 130º,conteudo 130,1028
131,§ 131º,conteudo 131,973
132,§ 132º,conteudo 132,533
133,§ 133º,conteudo 133,144
134,§ 134º,conteudo 134,1403
135,§ 135º,conteudo 135,1296
136,§ 136º,conteudo 136,1033
137,§ 137º,conteudo 137,1465
138,§ 138º,conteudo 138,1379
139,§ 139º,conteudo 139,1009
140,§ 140º,conteudo 140,43
141,§ 141º,conteudo 141,79
142,§ 142º,conteudo 142,1139
143,§ 143º,conteudo 143,79
144,§ 144º,conteudo 144,15
145,§ 145º,conteudo 145,696
146,§ 146º,conteudo 146,1204
147,§ 147º,conteudo 147,127
148,§ 148º,conteudo 148,592
149,§ 149º,conteudo 149,1284
150,§ 150º,conteudo 150,1469
151,§ 151º,conteudo 151,1356
152,§ 152º,conteudo 152,321
153,§ 153º,conteudo 153,1033
154,§ 154º,conteudo 154,297
155,§ 155º,conteudo 155,861
156,§ 156º,conteudo 156,766
157,§ 157º,conteudo 157,318
158,§ 158º,conteudo 158,424
159,§ 159º,conteudo 159,1088
160,§ 160º,conteudo 160,677
161,§ 161º,conteudo 161,1173
162,§ 162º,conteudo 162,1316
163,§ 163º,conteudo 163,423
164,§ 164º,conteudo 164,955
165,§ 165º,conteudo 165,648
166,§ 166º,conteudo 166,252
167,§ 167º,conteudo 167,612
168,§ 168º,conteudo 168,877
169,§ 169º,conteudo 169,860
170,§ 170º,conteudo 170,1470
171,§ 171º,conteudo 171,947
172,§ 172º,conteudo 172,814
173,§ 173º,conteudo 173,818
174,§ 174º,conteudo 174,642
175,§ 175º,conteudo 175,90
176,§ 176º,conteudo 176,225
177,§ 177º,conteudo 177,376
178,§ 178º,conteudo 178,262
179,§ 179º,conteudo 179,1073
180,§ 180º,conteudo 180,409
181,§ 181º,conteudo 181,1393
182,§ 182º,conteudo 182,588
183,§ 183º,conteudo 183,933
184,§ 184º,conteudo 184,1282
185,§ 185º,conteudo 185,446
186,§ 186º,conteudo 186,1079
187,§ 187º,conteudo 187,399
188,§ 188º,conteudo 188,446
189,§ 189º,conteudo 189,1251
190,§ 190º,conteudo 190,22
191,§ 191º,conteudo 191,1383
192,§ 192º,conteudo 192,202
193,§ 193º,conteudo 193,1310
194,§ 194º,conteudo 194,1137
195,§ 195º,conteudo 195,1396
196,§ 196º,conteudo 196,955
197,§ 197º,conteudo 197,109
198,§ 198º,conteudo 198,1387
199,§ 199º,conteudo 199,1246
200,§ 200º,conteudo 200,452
201,§ 201º,conteudo 201,177
202,§ 202º,conteudo 202,875
203,§ 203º,conteudo 203,701
204,§ 204º,conteudo 204,835
205,§ 205º,conteudo 205,246
206,§ 206º,conteudo 206,1241
207,§ 207º,conteudo 207,391
208,§ 208º,conteudo 208,1428
209,§ 209º,conteudo 209,7
210,§ 210º,conteudo 210,1466
211,§ 211º,conteudo 211,305
212,§ 212º,conteudo 212,902
213,§ 213º,conteudo 213,552
214,§ 214º,conteudo 214,179
215,§ 215º,conteudo 215,554
216,§ 216º,conteudo 216,489
217,§ 217º,conteudo 217,1205
218,§ 218º,conteudo 218,347
219,§ 219º,conteudo 219,1026
220,§ 220º,conteudo 220,260
221,§ 221º,conteudo 221,3
222,§ 222º,conteudo 222,482
223,§ 223º,conteudo 223,1311
224,§ 224º,conteudo 224,355
225,§ 225º,conteudo 225,599
226,§ 226º,conteudo 226,491
227,§ 227º,conteudo 227,1142
228,§ 228º,conteudo 228,47
229,§ 229º,conteudo 229,867
230,§ 230º,conteudo 230,51
231,§ 231º,conteudo 231,619
232,§ 232º,conteudo 232,1296
233,§ 233º,conteudo 233,157
234,§ 234º,conteudo 234,572
235,§ 235º,conteudo 235,205
236,§ 236º,conteudo 236,1084
237,§ 237º,conteudo 237,242
238,§ 238º,conteudo 238,1494
239,§ 239º,conteudo 239,1299
240,§ 240º,conteudo 240,994
241,§ 241º,conteudo 241,1465
242,§ 242º,conteudo 242,114
243,§ 243º,conteudo 243,6
244,§ 244º,conteudo 244,691
245,§ 245º,conteudo 245,934
246,§ 246º,conteudo 246,710
247,§ 247º,conteudo 247,244
248,§ 248º,conteudo 248,1328
249,§ 249º,conteudo 249,69
250,§ 250º,conteudo 250,58
251,§ 251º,conteudo 251,577
252,§ 252º,conteudo 252,335
253,§ 253º,conteudo 253,1326
254,§ 254º,conteudo 254,870
255,§ 255º,conteudo 255,920
256,§ 256º,conteudo 256,954
257,§ 257º,conteudo 257,516
258,§ 258º,conteudo 258,1091
259,§ 259º,conteudo 259,786
260,§ 260º,conteudo 260,377
261,§ 261º,conteudo 261,355
262,§ 262º,conteudo 262,1024
263,§ 263º,conteudo 263,1458
264,§ 264º,conteudo 264,1058
265,§ 265º,conteudo 265,36
266,§ 266º,conteudo 266,363
267,§ 267º,conteudo 267,288
268,§ 268º,conteudo 268,843
269,§ 269º,conteudo 269,1179
270,§ 270º,conteudo 270,407
271,§ 271º,conteudo 271,1164
272,§ 272º,conteudo 272,966
273,§ 273º,conteudo 273,1401
274,§ 274º,conteudo 274,293
275,§ 275º,conteudo 275,777
276,§ 276º,conteudo 276,1069
277,§ 277º,conteudo 277,1101
278,§ 278º,conteudo 278,949
279,§ 279º,conteudo 279,1477
280,§ 280º,conteudo 280,1428
281,§ 281º,conteudo 281,13
282,§ 282º,conteudo 282,605
283,§ 283º,conteudo 283,1322
284,§ 284º,conteudo 284,1141
285,§ 285º,conteudo 285,1038
286,§ 286º,conteudo 286,429
287,§ 287º,conteudo 287,962
288,§ 288º,conteudo 288,76
289,§ 289º,conteudo 289,1038
290,§ 290º,conteudo 290,726
291,§ 291º,conteudo 291,103
292,§ 292º,conteudo 292,1368
293,§ 293º,conteudo 293,1281
294,§ 294º,conteudo 294,17
295,§ 295º,conteudo 295,576
296,§ 296º,conteudo 296,724
297,§ 297º,conteudo 297,345
298,§ 298º,conteudo 298,172
299,§ 299º,conteudo 299,367
300,§ 300º,conteudo 300,717
301,§ 301º,conteudo 301,1325
302,§ 302º,conteudo 302,133
303,§ 303º,conteudo 303,851
304,§ 304º,conteudo 304,349
305,§ 305º,conteudo 305,1332
306,§ 306º,conteudo 306,819
307,§ 307º,conteudo 307,788
308,§ 308º,conteudo 308,1355
309,§ 309º,conteudo 309,158
310,§ 310º,conteudo 310,180
311,§ 311º,conteudo 311,294
312,§ 312º,conteudo 312,1105
313,§ 313º,conteudo 313,228
314,§ 314º,conteudo 314,424
315,§ 315º,conteudo 315,147
316,§ 316º,conteudo 316,1221
317,§ 317º,conteudo 317,771
318,§ 318º,conteudo 318,1194
319,§ 319º,conteudo 319,219
320,§ 320º,conteudo 320,325
321,§ 321º,conteudo 321,287
322,§ 322º,conteudo 322,356
323,§ 323º,conteudo 323,1313
324,§ 324º,conteudo 324,1443
325,§ 325º,conteudo 325,1301
326,§ 326º,conteudo 326,520
327,§ 327º,conteudo 327,422
328,§ 328º,conteudo 328,25
329,§ 329º,conteudo 329,238
330,§ 330º,conteudo 330,413
331,§ 331º,conteudo 331,173
332,§ 332º,conteudo 332,264
333,§ 333º,conteudo 333,1241
334,§ 334º,conteudo 334,1065
335,§ 335º,conteudo 335,1109
336,§ 336º,conteudo 336,24
337,§ 337º,conteudo 337,1303
338,§ 338º,conteudo 338,1372
339,§ 339º,conteudo 339,673
340,§ 340º,conteudo 340,1447
341,§ 341º,conteudo 341,1470
342,§ 342º,conteudo 342,1319
343,§ 343º,conteudo 343,179
344,§ 344º,conteudo 344,1283
345,§ 345º,conteudo 345,975
346,§ 346º,conteudo 346,201
347,§ 347º,conteudo 347,247
348,§ 348º,conteudo 348,1342
349,§ 349º,conteudo 349,250
350,§ 350º,conteudo 350,461
351,§ 351º,conteudo 351,203
352,§ 352º,conteudo 352,907
353,§ 353º,conteudo 353,497
354,§ 354º,conteudo 354,661
355,§ 355º,conteudo 355,1072
356,§ 356º,conteudo 356,363
357,§ 357º,conteudo 357,323
358,§ 358º,conteudo 358,1174
359,§ 359º,conteudo 359,1031
360,§ 360º,conteudo 360,1205
361,§ 361º,conteudo 361,1083
362,§ 362º,conteudo 362,1249
363,§ 363º,conteudo 363,84
364,§ 364º,conteudo 364,615
365,§ 365º,conteudo 365,430
366,§ 366º,conteudo 366,1219
367,§ 367º,conteudo 367,495
368,§ 368º,conteudo 368,1379
369,§ 369º,conteudo 369,1379
370,§ 370º,conteudo 370,1362
371,§ 371º,conteudo 371,299
372,§ 372º,conteudo 372,264
373,§ 373º,conteudo 373,30
374,§ 374º,conteudo 374,5
375,§ 375º,conteudo 375,323
376,§ 376º,conteudo 376,445
377,§ 377º,conteudo 377,1398
378,§ 378º,conteudo 378,15
379,§ 379º,conteudo 379,116
380,§ 380º,conteudo 380,471
381,§ 381º,conteudo 381,911
382,§ 382º,conteudo 382,262
383,§ 383º,conteudo 383,986
384,§ 384º,conteudo 384,590
385,§ 385º,conteudo 385,287
386,§ 386º,conteudo 386,445
387,§ 387º,conteudo 387,556
388,§ 388º,conteudo 388,519
389,§ 389º,conteudo 389,1356
390,§ 390º,conteudo 390,1448
391,§ 391º,conteudo 391,718
392,§ 392º,conteudo 392,778
393,§ 393º,conteudo 393,390
394,§ 394º,conteudo 394,1256
395,§ 395º,conteudo 395,391
396,§ 396º,conteudo 396,730
397,§ 397º,conteudo 397,152
398,§ 398º,conteudo 398,842
399,§ 399º,conteudo 399,423
400,§ 400º,conteudo 400,1121
401,§ 401º,conteudo 401,408
402,§ 402º,conteudo 402,814
403,§ 403º,conteudo 403,1442
404,§ 404º,conteudo 404,687
405,§ 405º,conteudo 405,879
406,§ 406º,conteudo 406,880
407,§ 407º,conteudo 407,1309
408,§ 408º,conteudo 408,1176
409,§ 409º,conteudo 409,1401
410,§ 410º,conteudo 410,1487
411,§ 411º,conteudo 411,1203
412,§ 412º,conteudo 412,425
413,§ 413º,conteudo 413,1114
414,§ 414º,conteudo 414,1101
415,§ 415º,conteudo 415,885
416,§ 416º,conteudo 416,706
417,§ 417º,conteudo 417,1020
418,§ 418º,conteudo 418,1405
419,§ 419º,conteudo 419,1160
420,§ 420º,conteudo 420,980
421,§ 421º,conteudo 421,767
422,§ 422º,conteudo 422,1448
423,§ 423º,conteudo 423,456
424,§ 424º,conteudo 424,80
425,§ 425º,conteudo 425,23
426,§ 426º,conteudo 426,740
427,§ 427º,conteudo 427,730
428,§ 428º,conteudo 428,963
429,§ 429º,conteudo 429,1299
430,§ 430º,conteudo 430,1498
431,§ 431º,conteudo 431,546
432,§ 432º,conteudo 432,1095
433,§ 433º,conteudo 433,379
434,§ 434º,conteudo 434,1125
435,§ 435º,conteudo 435,539
436,§ 436º,conteudo 436,850
437,§ 437º,conteudo 437,998
438,§ 438º,conteudo 438,991
439,§ 439º,conteudo 439,1343
440,§ 440º,conteudo 440,850
441,§ 441º,conteudo 441,1288
442,§ 442º,conteudo 442,629
443,§ 443º,conteudo 443,20
444,§ 444º,conteudo 444,191
445,§ 445º,conteudo 445,1263
446,§ 446º,conteudo 446,907
447,§ 447º,conteudo 447,1101
448,§ 448º,conteudo 448,1446
449,§ 449º,conteudo 449,1173
450,§ 450º,conteudo 450,903
451,§ 451º,conteudo 451,250
452,§ 452º,conteudo 452,48
453,§ 453º,conteudo 453,624
454,§ 454º,conteudo 454,852
455,§ 455º,conteudo 455,958
456,§ 456º,conteudo 456,1327
457,§ 457º,conteudo 457,1054
458,§ 458º,conteudo 458,1483
459,§ 459º,conteudo 459,973
460,§ 460º,conteudo 460,572
461,§ 461º,conteudo 461,342
462,§ 462º,conteudo 462,906
463,§ 463º,conteudo 463,735
464,§ 464º,conteudo 464,564
465,§ 465º,conteudo 465,994
466,§ 466º,conteudo 466,586
467,§ 467º,conteudo 467,132
468,§ 468º,conteudo 468,1149
469,§ 469º,conteudo 469,95
470,§ 470º,conteudo 470,1459
471,§ 471º,conteudo 471,1015
472,§ 472º,conteudo 472,361
473,§ 473º,conteudo 473,213
474,§ 474º,conteudo 474,1431
475,§ 475º,conteudo 475,1189
476,§ 476º,conteudo 476,590
477,§ 477º,conteudo 477,604
478,§ 478º,conteudo 478,942
479,§ 479º,conteudo 479,868
480,§ 480º,conteudo 480,1355
481,§ 481º,conteudo 481,52
482,§ 482º,conteudo 482,843
483,§ 483º,conteudo 483,1222
484,§ 484º,conteudo 484,834
485,§ 485º,conteudo 485,204
486,§ 486º,conteudo 486,532
487,§ 487º,conteudo 487,34
488,§ 488º,conteudo 488,1499
489,§ 489º,conteudo 489,481
490,§ 490º,conteudo 490,1328
491,§ 491º,conteudo 491,1496
492,§ 492º,conteudo 492,714
493,§ 493º,conteudo 493,382
494,§ 494º,conteudo 494,873
495,§ 495º,conteudo 495,328
496,§ 496º,conteudo 496,1007
497,§ 497º,conteudo 497,663
498,§ 498º,conteudo 498,170
499,§ 499º,conteudo 499,458
500,§ 500º,conteudo 500,564
501,§ 501º,conteudo 501,1273
502,§ 502º,conteudo 502,550
503,§ 503º,conteudo 503,209
504,§ 504º,conteudo 504,991
505,§ 505º,conteudo 505,684
506,§ 506º,conteudo 506,373
507,§ 507º,conteudo 507,1031
508,§ 508º,conteudo 508,220
509,§ 509º,conteudo 509,867
510,§ 510º,conteudo 510,1304
511,§ 511º,conteudo 511,496
512,§ 512º,conteudo 512,1328
513,§ 513º,conteudo 513,574
514,§ 514º,conteudo 514,375
515,§ 515º,conteudo 515,402
516,§ 516º,conteudo 516,487
517,§ 517º,conteudo 517,1445
518,§ 518º,conteudo 518,198
519,§ 519º,conteudo 519,1157
520,§ 520º,conteudo 520,469
521,§ 521º,conteudo 521,1426
522,§ 522º,conteudo 522,187
523,§ 523º,conteudo 523,1331
524,§ 524º,conteudo 524,804
525,§ 525º,conteudo 525,1253
526,§ 526º,conteudo 526,1199
527,§ 527º,conteudo 527,582
528,§ 528º,conteudo 528,1062
529,§ 529º,conteudo 529,836
530,§ 530º,conteudo 530,1241
531,§ 531º,conteudo 531,1105
532,§ 532º,conteudo 532,439
533,§ 533º,conteudo 533,1065
534,§ 534º,conteudo 534,849
535,§ 535º,conteudo 535,419
536,§ 536º,conteudo 536,927
537,§ 537º,conteudo 537,945
538,§ 538º,conteudo 538,778
539,§ 539º,conteudo 539,367
540,§ 540º,conteudo 540,1063
541,§ 541º,conteudo 541,591
542,§ 542º,conteudo 542,1494
543,§ 543º,conteudo 543,1049
544,§ 544º,conteudo 544,1491
545,§ 545º,conteudo 545,319
546,§ 546º,conteudo 546,392
547,§ 547º,conteudo 547,191
548,§ 548º,conteudo 548,1392
549,§ 549º,conteudo 549,501
550,§ 550º,conteudo 550,955
551,§ 551º,conteudo 551,1215
552,§ 552º,conteudo 552,834
553,§ 553º,conteudo 553,1406
554,§ 554º,conteudo 554,777
555,§ 555º,conteudo 555,271
556,§ 556º,conteudo 556,1478
557,§ 557º,conteudo 557,573
558,§ 558º,conteudo 558,1389
559,§ 559º,conteudo 559,1303
560,§ 560º,conteudo 560,557
561,§ 561º,conteudo 561,893
562,§ 562º,conteudo 562,1116
563,§ 563º,conteudo 563,94
564,§ 564º,conteudo 564,1488
565,§ 565º,conteudo 565,523
566,§ 566º,conteudo 566,804
567,§ 567º,conteudo 567,783
568,§ 568º,conteudo 568,725
569,§ 569º,conteudo 569,47
570,§ 570º,conteudo 570,1270
571,§ 571º,conteudo 571,171
572,§ 572º,conteudo 572,46
573,§ 573º,conteudo 573,564
574,§ 574º,conteudo 574,682
575,§ 575º,conteudo 575,994
576,§ 576º,conteudo 576,1471
577,§ 577º,conteudo 577,817
578,§ 578º,conteudo 578,1370
579,§ 579º,conteudo 579,218
580,§ 580º,conteudo 580,1066
581,§ 581º,conteudo 581,342
582,§ 582º,conteudo 582,1185
583,§ 583º,conteudo 583,1421
584,§ 584º,conteudo 584,558
585,§ 585º,conteudo 585,450
586,§ 586º,conteudo 586,837
587,§ 587º,conteudo 587,407
588,§ 588º,conteudo 588,1198
589,§ 589º,conteudo 589,710
590,§ 590º,conteudo 590,1295
591,§ 591º,conteudo 591,331
592,§ 592º,conteudo 592,559
593,§ 593º,conteudo 593,1297
594,§ 594º,conteudo 594,508
595,§ 595º,conteudo 595,983
596,§ 596º,conteudo 596,109
597,§ 597º,conteudo 597,143
598,§ 598º,conteudo 598,754
599,§ 599º,conteudo 599,402
600,§ 600º,conteudo 600,702
601,§ 601º,conteudo 601,577
602,§ 602º,conteudo 602,1339
603,§ 603º,conteudo 603,195
604,§ 604º,conteudo 604,585
605,§ 605º,conteudo 605,830
606,§ 606º,conteudo 606,713
607,§ 607º,conteudo 607,179
608,§ 608º,conteudo 608,345
609,§ 609º,conteudo 609,1274
610,§ 610º,conteudo 610,1429
611,§ 611º,conteudo 611,1287
612,§ 612º,conteudo 612,1500
613,§ 613º,conteudo 613,999
614,§ 614º,conteudo 614,319
615,§ 615º,conteudo 615,1287
616,§ 616º,conteudo 616,695
617,§ 617º,conteudo 617,427
618,§ 618º,conteudo 618,167
619,§ 619º,conteudo 619,432
620,§ 620º,conteudo 620,1134
621,§ 621º,conteudo 621,160
622,§ 622º,conteudo 622,673
623,§ 623º,conteudo 623,306
624,§ 624º,conteudo 624,1457
625,§ 625º,conteudo 625,516
626,§ 626º,conteudo 626,327
627,§ 627º,conteudo 627,1201
628,§ 628º,conteudo 628,12
629,§ 629º,conteudo 629,432
630,§ 630º,conteudo 630,735
631,§ 631º,conteudo 631,1089
632,§ 632º,conteudo 632,919
633,§ 633º,conteudo 633,746
634,§ 634º,conteudo 634,33
635,§ 635º,conteudo 635,503
636,§ 636º,conteudo 636,613
637,§ 637º,conteudo 637,497
638,§ 638º,conteudo 638,553
639,§ 639º,conteudo 639,1348
640,§ 640º,conteudo 640,137
641,§ 641º,conteudo 641,447
642,§ 642º,conteudo 642,620
643,§ 643º,conteudo 643,947
644,§ 644º,conteudo 644,704
645,§ 645º,conteudo 645,1463
646,§ 646º,conteudo 646,1109
647,§ 647º,conteudo 647,494
648,§ 648º,conteudo 648,543
649,§ 649º,conteudo 649,1108
650,§ 650º,conteudo 650,34
651,§ 651º,conteudo 651,622
652,§ 652º,conteudo 652,963
653,§ 653º,conteudo 653,731
654,§ 654º,conteudo 654,1303
655,§ 655º,conteudo 655,1416
656,§ 656º,conteudo 656,248
657,§ 657º,conteudo 657,130
658,§ 658º,conteudo 658,429
659,§ 659º,conteudo 659,1324
660,§ 660º,conteudo 660,71
661,§ 661º,conteudo 661,490
662,§ 662º,conteudo 662,642
663,§ 663º,conteudo 663,1115
664,§ 664º,conteudo 664,1305
665,§ 665º,conteudo 665,3
666,§ 666º,conteudo 666,241
667,§ 667º,conteudo 667,1468
668,§ 668º,conteudo 668,1019
669,§ 669º,conteudo 669,888
670,§ 670º,conteudo 670,1490
671,§ 671º,conteudo 671,1299
672,§ 672º,conteudo 672,656
673,§ 673º,conteudo 673,32
674,§ 674º,conteudo 674,226
675,§ 675º,conteudo 675,1099
676,§ 676º,conteudo 676,950
677,§ 677º,conteudo 677,389
678,§ 678º,conteudo 678,87
679,§ 679º,conteudo 679,1040
680,§ 680º,conteudo 680,906
681,§ 681º,conteudo 681,320
682,§ 682º,conteudo 682,1134
683,§ 683º,conteudo 683,658
684,§ 684º,conteudo 684,1183
685,§ 685º,conteudo 685,1220
686,§ 686º,conteudo 686,957
687,§ 687º,conteudo 687,1211
688,§ 688º,conteudo 688,677
689,§ 689º,conteudo 689,52
690,§ 690º,conteudo 690,1446
691,§ 691º,conteudo 691,1204
692,§ 692º,conteudo 692,1314
693,§ 693º,conteudo 693,222
694,§ 694º,conteudo 694,1298
695,§ 695º,conteudo 695,959
696,§ 696º,conteudo 696,1312
697,§ 697º,conteudo 697,1139
698,§ 698º,conteudo 698,1279
699,§ 699º,conteudo 699,908
700,§ 700º,conteudo 700,1369
701,§ 701º,conteudo 701,689
702,§ 702º,conteudo 702,1163
703,§ 703º,conteudo 703,1193
704,§ 704º,conteudo 704,1164
705,§ 705º,conteudo 705,1058
706,§ 706º,conteudo 706,606
707,§ 707º,conteudo 707,931
708,§ 708º,conteudo 708,165
709,§ 709º,conteudo 709,253
710,§ 710º,conteudo 710,246
711,§ 711º,conteudo 711,340
712,§ 712º,conteudo 712,88
713,§ 713º,conteudo 713,883
714,§ 714º,conteudo 714,71
715,§ 715º,conteudo 715,451
716,§ 716º,conteudo 716,1176
717,§ 717º,conteudo 717,1178
718,§ 718º,conteudo 718,44
719,§ 719º,conteudo 719,324
720,§ 720º,conteudo 720,341
721,§ 721º,conteudo 721,312
722,§ 722º,conteudo 722,1450
723,§ 723º,conteudo 723,345
724,§ 724º,conteudo 724,827
725,§ 725º,conteudo 725,1448
726,§ 726º,conteudo 726,74
727,§ 727º,conteudo 727,498
728,§ 728º,conteudo 728,1418
729,§ 729º,conteudo 729,120
730,§ 730º,conteudo 730,757
731,§ 731º,conteudo 731,1325
732,§ 732º,conteudo 732,1478
733,§ 733º,conteudo 733,1197
734,§ 734º,conteudo 734,48
735,§ 735º,conteudo 735,562
736,§ 736º,conteudo 736,1075
737,§ 737º,conteudo 737,574
738,§ 738º,conteudo 738,1221
739,§ 739º,conteudo 739,158
740,§ 740º,conteudo 740,243
741,§ 741º,conteudo 741,990
742,§ 742º,conteudo 742,1303
743,§ 743º,conteudo 743,663
744,§ 744º,conteudo 744,930
745,§ 745º,conteudo 745,971
746,§ 746º,conteudo 746,903
747,§ 747º,conteudo 747,972
748,§ 748º,conteudo 748,920
749,§ 749º,conteudo 749,718
750,§ 750º,conteudo 750,1392
751,§ 751º,conteudo 751,1471
752,§ 752º,conteudo 752,1168
753,§ 753º,conteudo 753,1031
754,§ 754º,conteudo 754,887
755,§ 755º,conteudo 755,1217
756,§ 756º,conteudo 756,609
757,§ 757º,conteudo 757,1338
758,§ 758º,conteudo 758,1256
759,§ 759º,conteudo 759,374
760,§ 760º,conteudo 760,535
761,§ 761º,conteudo 761,1222
762,§ 762º,conteudo 762,820
763,§ 763º,conteudo 763,1056
764,§ 764º,conteudo 764,1112
765,§ 765º,conteudo 765,1281
766,§ 766º,conteudo 766,846
767,§ 767º,conteudo 767,926
768,§ 768º,conteudo 768,948
769,§ 769º,conteudo 769,1019
770,§ 770º,conteudo 770,421
771,§ 771º,conteudo 771,912
772,§ 772º,conteudo 772,1337
773,§ 773º,conteudo 773,27
774,§ 774º,conteudo 774,1235
775,§ 775º,conteudo 775,301
776,§ 776º,conteudo 776,67
777,§ 777º,conteudo 777,150
778,§ 778º,conteudo 778,1155
779,§ 779º,conteudo 779,1019
780,§ 780º,conteudo 780,1264
781,§ 781º,conteudo 781,79
782,§ 782º,conteudo 782,977
783,§ 783º,conteudo 783,326
784,§ 784º,conteudo 784,1481
785,§ 785º,conteudo 785,1194
786,§ 786º,conteudo 786,380
787,§ 787º,conteudo 787,1002
788,§ 788º,conteudo 788,903
789,§ 789º,conteudo 789,271
790,§ 790º,conteudo 790,1298
791,§ 791º,conteudo 791,104
792,§ 792º,conteudo 792,1273
793,§ 793º,conteudo 793,1313
794,§ 794º,conteudo 794,1418
795,§ 795º,conteudo 795,136
796,§ 796º,conteudo 796,472
797,§ 797º,conteudo 797,258
798,§ 798º,conteudo 798,947
799,§ 799º,conteudo 799,506
800,§ 800º,conteudo 800,235
801,§ 801º,conteudo 801,1023
802,§ 802º,conteudo 802,1369
803,§ 803º,conteudo 803,545
804,§ 804º,conteudo 804,589
805,§ 805º,conteudo 805,1359
806,§ 806º,conteudo 806,719
807,§ 807º,conteudo 807,1378
808,§ 808º,conteudo 808,186
809,§ 809º,conteudo 809,827
810,§ 810º,conteudo 810,1481
811,§ 811º,conteudo 811,684
812,§ 812º,conteudo 812,1324
813,§ 813º,conteudo 813,232
814,§ 814º,conteudo 814,541
815,§ 815º,conteudo 815,811
816,§ 816º,conteudo 816,1190
817,§ 817º,conteudo 817,687
818,§ 818º,conteudo 818,1355
819,§ 819º,conteudo 819,574
820,§ 820º,conteudo 820,430
821,§ 821º,conteudo 821,1467
822,§ 822º,conteudo 822,860
823,§ 823º,conteudo 823,73
824,§ 824º,conteudo 824,701
825,§ 825º,conteudo 825,993
826,§ 826º,conteudo 826,872
827,§ 827º,conteudo 827,1133
828,§ 828º,conteudo 828,1499
829,§ 829º,conteudo 829,147
830,§ 830º,conteudo 830,983
831,§ 831º,conteudo 831,1238
832,§ 832º,conteudo 832,1386
833,§ 833º,conteudo 833,1041
834,§ 834º,conteudo 834,988
835,§ 835º,conteudo 835,311
836,§ 836º,conteudo 836,1191
837,§ 837º,conteudo 837,783
838,§ 838º,conteudo 838,478
839,§ 839º,conteudo 839,1169
840,§ 840º,conteudo 840,1028
841,§ 841º,conteudo 841,493
842,§ 842º,conteudo 842,1040
843,§ 843º,conteudo 843,1433
844,§ 844º,conteudo 844,1122
845,§ 845º,conteudo 845,614
846,§ 846º,conteudo 846,1317
847,§ 847º,conteudo 847,256
848,§ 848º,conteudo 848,786
849,§ 849º,conteudo 849,642
850,§ 850º,conteudo 850,952
851,§ 851º,conteudo 851,65
852,§ 852º,conteudo 852,90
853,§ 853º,conteudo 853,80
854,§ 854º,conteudo 854,644
855,§ 855º,conteudo 855,875
856,§ 856º,conteudo 856,662
857,§ 857º,conteudo 857,517
858,§ 858º,conteudo 858,1080
859,§ 859º,conteudo 859,1460
860,§ 860º,conteudo 860,521
861,§ 861º,conteudo 861,1072
862,§ 862º,conteudo 862,1264
863,§ 863º,conteudo 863,229
864,§ 864º,conteudo 864,318
865,§ 865º,conteudo 865,949
866,§ 866º,conteudo 866,806
867,§ 867º,conteudo 867,1395
868,§ 868º,conteudo 868,731
869,§ 869º,conteudo 869,970
870,§ 870º,conteudo 870,1404
871,§ 871º,conteudo 871,74
872,§ 872º,conteudo 872,1467
873,§ 873º,conteudo 873,1038
874,§ 874º,conteudo 874,577
875,§ 875º,conteudo 875,1009
876,§ 876º,conteudo 876,473
877,§ 877º,conteudo 877,1062
878,§ 878º,conteudo 878,1241
879,§ 879º,conteudo 879,1015
880,§ 880º,conteudo 880,1053
881,§ 881º,conteudo 881,1283
882,§ 882º,conteudo 882,1226
883,§ 883º,conteudo 883,964
884,§ 884º,conteudo 884,306
885,§ 885º,conteudo 885,1141
886,§ 886º,conteudo 886,1355
887,§ 887º,conteudo 887,130
888,§ 888º,conteudo 888,406
889,§ 889º,conteudo 889,257
890,§ 890º,conteudo 890,362
891,§ 891º,conteudo 891,664
892,§ 892º,conteudo 892,863
893,§ 893º,conteudo 893,1311
894,§ 894º,conteudo 894,280
895,§ 895º,conteudo 895,1399
896,§ 896º,conteudo 896,213
897,§ 897º,conteudo 897,171
898,§ 898º,conteudo 898,347
899,§ 899º,conteudo 899,190
900,§ 900º,conteudo 900,739
901,§ 901º,conteudo 901,942
902,§ 902º,conteudo 902,729
903,§ 903º,conteudo 903,1210
904,§ 904º,conteudo 904,1242
905,§ 905º,conteudo 905,148
906,§ 906º,conteudo 906,758
907,§ 907º,conteudo 907,375
908,§ 908º,conteudo 908,1328
909,§ 909º,conteudo 909,508
910,§ 910º,conteudo 910,1086
911,§ 911º,conteudo 911,102
912,§ 912º,conteudo 912,83
913,§ 913º,conteudo 913,254
914,§ 914º,conteudo 914,125
915,§ 915º,conteudo 915,546
916,§ 916º,conteudo 916,731
917,§ 917º,conteudo 917,320
918,§ 918º,conteudo 918,884
919,§ 919º,conteudo 919,255
920,§ 920º,conteudo 920,1217
921,§ 921º,conteudo 921,332
922,§ 922º,conteudo 922,217
923,§ 923º,conteudo 923,1321
924,§ 924º,conteudo 924,1499
925,§ 925º,conteudo 925,1412
926,§ 926º,conteudo 926,329
927,§ 927º,conteudo 927,1324
928,§ 928º,conteudo 928,1437
929,§ 929º,conteudo 929,881
930,§ 930º,conteudo 930,751
931,§ 931º,conteudo 931,406
932,§ 932º,conteudo 932,829
933,§ 933º,conteudo 933,912
934,§ 934º,conteudo 934,482
935,§ 935º,conteudo 935,1384
936,§ 936º,conteudo 936,225
937,§ 937º,conteudo 937,675
938,§ 938º,conteudo 938,554
939,§ 939º,conteudo 939,1181
940,§ 940º,conteudo 940,751
941,§ 941º,conteudo 941,1041
942,§ 942º,conteudo 942,153
943,§ 943º,conteudo 943,1020
944,§ 944º,conteudo 944,763
945,§ 945º,conteudo 945,1070
946,§ 946º,conteudo 946,122
947,§ 947º,conteudo 947,1344
948,§ 948º,conteudo 948,995
949,§ 949º,conteudo 949,401
950,§ 950º,conteudo 950,1225
951,§ 951º,conteudo 951,290
952,§ 952º,conteudo 952,553
953,§ 953º,conteudo 953,1325
954,§ 954º,conteudo 954,338
955,§ 955º,conteudo 955,665
956,§ 956º,conteudo 956,994
957,§ 957º,conteudo 957,683
958,§ 958º,conteudo 958,677
959,§ 959º,conteudo 959,550
960,§ 960º,conteudo 960,708
961,§ 961º,conteudo 961,1165
962,§ 962º,conteudo 962,977
963,§ 963º,conteudo 963,1472
964,§ 964º,conteudo 964,1142
965,§ 965º,conteudo 965,197
966,§ 966º,conteudo 966,1375
967,§ 967º,conteudo 967,364
968,§ 968º,conteudo 968,968
969,§ 969º,conteudo 969,1103
970,§ 970º,conteudo 970,375
971,§ 971º,conteudo 971,628
972,§ 972º,conteudo 972,913
973,§ 973º,conteudo 973,938
974,§ 974º,conteudo 974,1309
975,§ 975º,conteudo 975,1397
976,§ 976º,conteudo 976,450
977,§ 977º,conteudo 977,1487
978,§ 978º,conteudo 978,1008
979,§ 979º,conteudo 979,820
980,§ 980º,conteudo 980,1209
981,§ 981º,conteudo 981,768
982,§ 982º,conteudo 982,539
983,§ 983º,conteudo 983,1231
984,§ 984º,conteudo 984,1229
985,§ 985º,conteudo 985,1185
986,§ 986º,conteudo 986,966
987,§ 987º,conteudo 987,1370
988,§ 988º,conteudo 988,853
989,§ 989º,conteudo 989,86
990,§ 990º,conteudo 990,19
991,§ 991º,conteudo 991,445
992,§ 992º,conteudo 992,639
993,§ 993º,conteudo 993,1314
994,§ 994º,conteudo 994,878
995,§ 995º,conteudo 995,1018
996,§ 996º,conteudo 996,1238
997,§ 997º,conteudo 997,636
998,§ 998º,conteudo 998,912
999,§ 999º,conteudo 999,111
1000,§ 1000º,conteudo 1000,176
1001,§ 1001º,conteudo 1001,141
1002,§ 1002º,conteudo 1002,1421
1003,§ 1003º,conteudo 1003,344
1004,§ 1004º,conteudo 1004,870
1005,§ 1005º,conteudo 1005,1221
1006,§ 1006º,conteudo 1006,991
1007,§ 1007º,conteudo 1007,512
1008,§ 1008º,conteudo 1008,374
1009,§ 1009º,conteudo 1009,651
1010,§ 1010º,conteudo 1010,850
1011,§ 1011º,conteudo 1011,915
1012,§ 1012º,conteudo 1012,1086
1013,§ 1013º,conteudo 1013,145
1014,§ 1014º,conteudo 1014,936
1015,§ 1015º,conteudo 1015,378
1016,§ 1016º,conteudo 1016,981
1017,§ 1017º,conteudo 1017,144
1018,§ 1018º,conteudo 1018,802
1019,§ 1019º,conteudo 1019,481
1020,§ 1020º,conteudo 1020,371
1021,§ 1021º,conteudo 1021,148
1022,§ 1022º,conteudo 1022,907
1023,§ 1023º,conteudo 1023,568
1024,§ 1024º,conteudo 1024,2
1025,§ 1025º,conteudo 1025,968
1026,§ 1026º,conteudo 1026,1105
1027,§ 1027º,conteudo 1027,533
1028,§ 1028º,conteudo 1028,782
1029,§ 1029º,conteudo 1029,1359
1030,§ 1030º,conteudo 1030,714
1031,§ 1031º,conteudo 1031,632
1032,§ 1032º,conteudo 1032,960
1033,§ 1033º,conteudo 1033,541
1034,§ 1034º,conteudo 1034,1202
1035,§ 1035º,conteudo 1035,1387
1036,§ 1036º,conteudo 1036,190
1037,§ 1037º,conteudo 1037,737
1038,§ 1038º,conteudo 1038,184
1039,§ 1039º,conteudo 1039,1154
1040,§ 1040º,conteudo 1040,617
1041,§ 1041º,conteudo 1041,624
1042,§ 1042º,conteudo 1042,977
1043,§ 1043º,conteudo 1043,141
1044,§ 1044º,conteudo 1044,1113
1045,§ 1045º,conteudo 1045,360
1046,§ 1046º,conteudo 1046,656
1047,§ 1047º,conteudo 1047,1093
1048,§ 1048º,conteudo 1048,652
1049,§ 1049º,conteudo 1049,1096
1050,§ 1050º,conteudo 1050,59
1051,§ 1051º,conteudo 1051,204
1052,§ 1052º,conteudo 1052,1216
1053,§ 1053º,conteudo 1053,798
1054,§ 1054º,conteudo 1054,975
1055,§ 1055º,conteudo 1055,1337
1056,§ 1056º,conteudo 1056,1061
1057,§ 1057º,conteudo 1057,244
1058,§ 1058º,conteudo 1058,1427
1059,§ 1059º,conteudo 1059,758
1060,§ 1060º,conteudo 1060,1453
1061,§ 1061º,conteudo 1061,1017
1062,§ 1062º,conteudo 1062,1431
1063,§ 1063º,conteudo 1063,1033
1064,§ 1064º,conteudo 1064,242
1065,§ 1065º,conteudo 1065,198
1066,§ 1066º,conteudo 1066,566
1067,§ 1067º,conteudo 1067,576
1068,§ 1068º,conteudo 1068,710
1069,§ 1069º,conteudo 1069,726
1070,§ 1070º,conteudo 1070,485
1071,§ 1071º,conteudo 1071,1342
1072,§ 1072º,conteudo 1072,1070
1073,§ 1073º,conteudo 1073,345
1074,§ 1074º,conteudo 1074,543
1075,§ 1075º,conteudo 1075,220
1076,§ 1076º,conteudo 1076,448
1077,§ 1077º,conteudo 1077,60
1078,§ 1078º,conteudo 1078,37
1079,§ 1079º,conteudo 1079,1497
1080,§ 1080º,conteudo 1080,55
1081,§ 1081º,conteudo 1081,398
1082,§ 1082º,conteudo 1082,1019
1083,§ 1083º,conteudo 1083,1345
1084,§ 1084º,conteudo 1084,1122
1085,§ 1085º,conteudo 1085,823
1086,§ 1086º,conteudo 1086,837
1087,§ 1087º,conteudo 1087,663
1088,§ 1088º,conteudo 1088,205
1089,§ 1089º,conteudo 1089,1474
1090,§ 1090º,conteudo 1090,1020
1091,§ 1091º,conteudo 1091,867
1092,§ 1092º,conteudo 1092,1348
1093,§ 1093º,conteudo 1093,831
1094,§ 1094º,conteudo 1094,390
1095,§ 1095º,conteudo 1095,1002
1096,§ 1096º,conteudo 1096,104
1097,§ 1097º,conteudo 1097,53
1098,§ 1098º,conteudo 1098,421
1099,§ 1099º,conteudo 1099,1058
1100,§ 1100º,conteudo 1100,1238
1101,§ 1101º,conteudo 1101,942
1102,§ 1102º,conteudo 1102,453
1103,§ 1103º,conteudo 1103,90
1104,§ 1104º,conteudo 1104,1034
1105,§ 1105º,conteudo 1105,740
1106,§ 1106º,conteudo 1106,1473
1107,§ 1107º,conteudo 1107,1026
1108,§ 1108º,conteudo 1108,1421
1109,§ 1109º,conteudo 1109,32
1110,§ 1110º,conteudo 1110,651
1111,§ 1111º,conteudo 1111,284
1112,§ 1112º,conteudo 1112,1388
1113,§ 1113º,conteudo 1113,65
1114,§ 1114º,conteudo 1114,978
1115,§ 1115º,conteudo 1115,1004
1116,§ 1116º,conteudo 1116,769
1117,§ 1117º,conteudo 1117,1399
1118,§ 1118º,conteudo 1118,1041
1119,§ 1119º,conteudo 1119,1064
1120,§ 1120º,conteudo 1120,102
1121,§ 1121º,conteudo 1121,1045
1122,§ 1122º,conteudo 1122,164
1123,§ 1123º,conteudo 1123,7
1124,§ 1124º,conteudo 1124,126
1125,§ 1125º,conteudo 1125,94
1126,§ 1126º,conteudo 1126,1223
1127,§ 1127º,conteudo 1127,575
1128,§ 1128º,conteudo 1128,475
1129,§ 1129º,conteudo 1129,784
1130,§ 1130º,conteudo 1130,689
1131,§ 1131º,conteudo 1131,419
1132,§ 1132º,conteudo 1132,370
1133,§ 1133º,conteudo 1133,947
1134,§ 1134º,conteudo 1134,740
1135,§ 1135º,conteudo 1135,806
1136,§ 1136º,conteudo 1136,983
1137,§ 1137º,conteudo 1137,1093
1138,§ 1138º,conteudo 1138,921
1139,§ 1139º,conteudo 1139,930
1140,§ 1140º,conteudo 1140,922
1141,§ 1141º,conteudo 1141,1213
1142,§ 1142º,conteudo 1142,65
1143,§ 1143º,conteudo 1143,352
1144,§ 1144º,conteudo 1144,146
1145,§ 1145º,conteudo 1145,1370
1146,§ 1146º,conteudo 1146,477
1147,§ 1147º,conteudo 1147,1113
1148,§ 1148º,conteudo 1148,357
1149,§ 1149º,conteudo 1149,413
1150,§ 1150º,conteudo 1150,960
1151,§ 1151º,conteudo 1151,695
1152,§ 1152º,conteudo 1152,1479
1153,§ 1153º,conteudo 1153,1117
1154,§ 1154º,conteudo 1154,370
1155,§ 1155º,conteudo 1155,1465
1156,§ 1156º,conteudo 1156,916
1157,§ 1157º,conteudo 1157,1247
1158,§ 1158º,conteudo 1158,1228
1159,§ 1159º,conteudo 1159,751
1160,§ 1160º,conteudo 1160,1311
1161,§ 1161º,conteudo 1161,533
1162,§ 1162º,conteudo 1162,21
1163,§ 1163º,conteudo 1163,878
1164,§ 1164º,conteudo 1164,1328
1165,§ 1165º,conteudo 1165,1347
1166,§ 1166º,conteudo 1166,595
1167,§ 1167º,conteudo 1167,311
1168,§ 1168º,conteudo 1168,783
1169,§ 1169º,conteudo 1169,799
1170,§ 1170º,conteudo 1170,62
1171,§ 1171º,conteudo 1171,864
1172,§ 1172º,conteudo 1172,656
1173,§ 1173º,conteudo 1173,1229
1174,§ 1174º,conteudo 1174,1150
1175,§ 1175º,conteudo 1175,577
1176,§ 1176º,conteudo 1176,1378
1177,§ 1177º,conteudo 1177,641
1178,§ 1178º,conteudo 1178,1011
1179,§ 1179º,conteudo 1179,1266
1180,§ 1180º,conteudo 1180,1225
1181,§ 1181º,conteudo 1181,193
1182,§ 1182º,conteudo 1182,869
1183,§ 1183º,conteudo 1183,284
1184,§ 1184º,conteudo 1184,259
1185,§ 1185º,conteudo 1185,975
1186,§ 1186º,conteudo 1186,709
1187,§ 1187º,conteudo 1187,992
1188,§ 1188º,conteudo 1188,1228
1189,§ 1189º,conteudo 1189,1381
1190,§ 1190º,conteudo 1190,612
1191,§ 1191º,conteudo 1191,1245
1192,§ 1192º,conteudo 1192,827
1193,§ 1193º,conteudo 1193,114
1194,§ 1194º,conteudo 1194,34
1195,§ 1195º,conteudo 1195,1015
1196,§ 1196º,conteudo 1196,722
1197,§ 1197º,conteudo 1197,883
1198,§ 1198º,conteudo 1198,737
1199,§ 1199º,conteudo 1199,75
1200,§ 1200º,conteudo 1200,849
1201,§ 1201º,conteudo 1201,1399
1202,§ 1202º,conteudo 1202,754
1203,§ 1203º,conteudo 1203,1426
1204,§ 1204º,conteudo 1204,462
1205,§ 1205º,conteudo 1205,723
1206,§ 1206º,conteudo 1206,1446
1207,§ 1207º,conteudo 1207,1032
1208,§ 1208º,conteudo 1208,236
1209,§ 1209º,conteudo 1209,1013
1210,§ 1210º,conteudo 1210,413
1211,§ 1211º,conteudo 1211,1099
1212,§ 1212º,conteudo 1212,1295
1213,§ 1213º,conteudo 1213,1314
1214,§ 1214º,conteudo 1214,913
1215,§ 1215º,conteudo 1215,415
1216,§ 1216º,conteudo 1216,1112
1217,§ 1217º,conteudo 1217,569
1218,§ 1218º,conteudo 1218,607
1219,§ 1219º,conteudo 1219,909
1220,§ 1220º,conteudo 1220,456
1221,§ 1221º,conteudo 1221,281
1222,§ 1222º,conteudo 1222,209
1223,§ 1223º,conteudo 1223,613
1224,§ 1224º,conteudo 1224,111
1225,§ 1225º,conteudo 1225,205
1226,§ 1226º,conteudo 1226,590
1227,§ 1227º,conteudo 1227,617
1228,§ 1228º,conteudo 1228,558
1229,§ 1229º,conteudo 1229,26
1230,§ 1230º,conteudo 1230,847
1231,§ 1231º,conteudo 1231,1444
1232,§ 1232º,conteudo 1232,41
1233,§ 1233º,conteudo 1233,1269
1234,§ 1234º,conteudo 1234,57
1235,§ 1235º,conteudo 1235,1005
1236,§ 1236º,conteudo 1236,741
1237,§ 1237º,conteudo 1237,226
1238,§ 1238º,conteudo 1238,578
1239,§ 1239º,conteudo 1239,920
1240,§ 1240º,conteudo 1240,550
1241,§ 1241º,conteudo 1241,631
1242,§ 1242º,conteudo 1242,852
1243,§ 1243º,conteudo 1243,188
1244,§ 1244º,conteudo 1244,844
1245,§ 1245º,conteudo 1245,1191
1246,§ 1246º,conteudo 1246,1491
1247,§ 1247º,conteudo 1247,309
1248,§ 1248º,conteudo 1248,983
1249,§ 1249º,conteudo 1249,1289
1250,§ 1250º,conteudo 1250,48
1251,§ 1251º,conteudo 1251,1061
1252,§ 1252º,conteudo 1252,1420
1253,§ 1253º,conteudo 1253,200
1254,§ 1254º,conteudo 1254,550
1255,§ 1255º,conteudo 1255,707
1256,§ 1256º,conteudo 1256,909
1257,§ 1257º,conteudo 1257,879
1258,§ 1258º,conteudo 1258,1181
1259,§ 1259º,conteudo 1259,183
1260,§ 1260º,conteudo 1260,1277
1261,§ 1261º,conteudo 1261,1391
1262,§ 1262º,conteudo 1262,794
1263,§ 1263º,conteudo 1263,1315
1264,§ 1264º,conteudo 1264,1311
1265,§ 1265º,conteudo 1265,933
1266,§ 1266º,conteudo 1266,1483
1267,§ 1267º,conteudo 1267,582
1268,§ 1268º,conteudo 1268,564
1269,§ 1269º,conteudo 1269,69
1270,§ 1270º,conteudo 1270,507
1271,§ 1271º,conteudo 1271,403
1272,§ 1272º,conteudo 1272,53
1273,§ 1273º,conteudo 1273,757
1274,§ 1274º,conteudo 1274,398
1275,§ 1275º,conteudo 1275,1238
1276,§ 1276º,conteudo 1276,352
1277,§ 1277º,conteudo 1277,369
1278,§ 1278º,conteudo 1278,813
1279,§ 1279º,conteudo 1279,1392
1280,§ 1280º,conteudo 1280,1013
1281,§ 1281º,conteudo 1281,70
1282,§ 1282º,conteudo 1282,815
1283,§ 1283º,conteudo 1283,248
1284,§ 1284º,conteudo 1284,654
1285,§ 1285º,conteudo 1285,472
1286,§ 1286º,conteudo 1286,206
1287,§ 1287º,conteudo 1287,1160
1288,§ 1288º,conteudo 1288,348
1289,§ 1289º,conteudo 1289,785
1290,§ 1290º,conteudo 1290,1279
1291,§ 1291º,conteudo 1291,271
1292,§ 1292º,conteudo 1292,353
1293,§ 1293º,conteudo 1293,1308
1294,§ 1294º,conteudo 1294,1172
1295,§ 1295º,conteudo 1295,206
1296,§ 1296º,conteudo 1296,324
1297,§ 1297º,conteudo 1297,1482
1298,§ 1298º,conteudo 1298,143
1299,§ 1299º,conteudo 1299,418
1300,§ 1300º,conteudo 1300,962
1301,§ 1301º,conteudo 1301,547
1302,§ 1302º,conteudo 1302,749
1303,§ 1303º,conteudo 1303,169
1304,§ 1304º,conteudo 1304,1052
1305,§ 1305º,conteudo 1305,69
1306,§ 1306º,conteudo 1306,438
1307,§ 1307º,conteudo 1307,266
1308,§ 1308º,conteudo 1308,674
1309,§ 1309º,conteudo 1309,1466
1310,§ 1310º,conteudo 1310,765
1311,§ 1311º,conteudo 1311,356
1312,§ 1312º,conteudo 1312,443
1313,§ 1313º,conteudo 1313,306
1314,§ 1314º,conteudo 1314,705
1315,§ 1315º,conteudo 1315,236
1316,§ 1316º,conteudo 1316,1290
1317,§ 1317º,conteudo 1317,1417
1318,§ 1318º,conteudo 1318,1355
1319,§ 1319º,conteudo 1319,1135
1320,§ 1320º,conteudo 1320,886
1321,§ 1321º,conteudo 1321,764
1322,§ 1322º,conteudo 1322,386
1323,§ 1323º,conteudo 1323,12
1324,§ 1324º,conteudo 1324,968
1325,§ 1325º,conteudo 1325,129
1326,§ 1326º,conteudo 1326,1130
1327,§ 1327º,conteudo 1327,1207
1328,§ 1328º,conteudo 1328,942
1329,§ 1329º,conteudo 1329,733
1330,§ 1330º,conteudo 1330,1451
1331,§ 1331º,conteudo 1331,742
1332,§ 1332º,conteudo 1332,112
1333,§ 1333º,conteudo 1333,1178
1334,§ 1334º,conteudo 1334,783
1335,§ 1335º,conteudo 1335,1151
1336,§ 1336º,conteudo 1336,1421
1337,§ 1337º,conteudo 1337,185
1338,§ 1338º,conteudo 1338,284
1339,§ 1339º,conteudo 1339,510
1340,§ 1340º,conteudo 1340,345
1341,§ 1341º,conteudo 1341,1324
1342,§ 1342º,conteudo 1342,319
1343,§ 1343º,conteudo 1343,179
1344,§ 1344º,conteudo 1344,1328
1345,§ 1345º,conteudo 1345,1106
1346,§ 1346º,conteudo 1346,25
1347,§ 1347º,conteudo 1347,557
1348,§ 1348º,conteudo 1348,1111
1349,§ 1349º,conteudo 1349,1361
1350,§ 1350º,conteudo 1350,799
1351,§ 1351º,conteudo 1351,1401
1352,§ 1352º,conteudo 1352,926
1353,§ 1353º,conteudo 1353,1226
1354,§ 1354º,conteudo 1354,512
1355,§ 1355º,conteudo 1355,630
1356,§ 1356º,conteudo 1356,1433
1357,§ 1357º,conteudo 1357,1216
1358,§ 1358º,conteudo 1358,232
1359,§ 1359º,conteudo 1359,1229
1360,§ 1360º,conteudo 1360,1154
1361,§ 1361º,conteudo 1361,1161
1362,§ 1362º,conteudo 1362,383
1363,§ 1363º,conteudo 1363,185
1364,§ 1364º,conteudo 1364,1358
1365,§ 1365º,conteudo 1365,867
1366,§ 1366º,conteudo 1366,955
1367,§ 1367º,conteudo 1367,1430
1368,§ 1368º,conteudo 1368,1029
1369,§ 1369º,conteudo 1369,1200
1370,§ 1370º,conteudo 1370,738
1371,§ 1371º,conteudo 1371,983
1372,§ 1372º,conteudo 1372,656
1373,§ 1373º,conteudo 1373,1346
1374,§ 1374º,conteudo 1374,158
1375,§ 1375º,conteudo 1375,745
1376,§ 1376º,conteudo 1376,1128
1377,§ 1377º,conteudo 1377,164
1378,§ 1378º,conteudo 1378,675
1379,§ 1379º,conteudo 1379,160
1380,§ 1380º,conteudo 1380,195
1381,§ 1381º,conteudo 1381,893
1382,§ 1382º,conteudo 1382,379
1383,§ 1383º,conteudo 1383,541
1384,§ 1384º,conteudo 1384,1238
1385,§ 1385º,conteudo 1385,654
1386,§ 1386º,conteudo 1386,1209
1387,§ 1387º,conteudo 1387,555
1388,§ 1388º,conteudo 1388,1448
1389,§ 1389º,conteudo 1389,503
1390,§ 1390º,conteudo 1390,974
1391,§ 1391º,conteudo 1391,1047
1392,§ 1392º,conteudo 1392,501
1393,§ 1393º,conteudo 1393,1087
1394,§ 1394º,conteudo 1394,1005
1395,§ 1395º,conteudo 1395,232
1396,§ 1396º,conteudo 1396,1300
1397,§ 1397º,conteudo 1397,962
1398,§ 1398º,conteudo 1398,310
1399,§ 1399º,conteudo 1399,608
1400,§ 1400º,conteudo 1400,1449
1401,§ 1401º,conteudo 1401,137
1402,§ 1402º,conteudo 1402,510
1403,§ 1403º,conteudo 1403,1317
1404,§ 1404º,conteudo 1404,970
1405,§ 1405º,conteudo 1405,1378
1406,§ 1406º,conteudo 1406,797
1407,§ 1407º,conteudo 1407,1200
1408,§ 1408º,conteudo 1408,388
1409,§ 1409º,conteudo 1409,1407
1410,§ 1410º,conteudo 1410,703
1411,§ 1411º,conteudo 1411,455
1412,§ 1412º,conteudo 1412,353
1413,§ 1413º,conteudo 1413,1425
1414,§ 1414º,conteudo 1414,183
1415,§ 1415º,conteudo 1415,1082
1416,§ 1416º,conteudo 1416,938
1417,§ 1417º,conteudo 1417,1227
1418,§ 1418º,conteudo 1418,326
1419,§ 1419º,conteudo 1419,292
1420,§ 1420º,conteudo 1420,404
1421,§ 1421º,conteudo 1421,1271
1422,§ 1422º,conteudo 1422,1347
1423,§ 1423º,conteudo 1423,150
1424,§ 1424º,conteudo 1424,1241
1425,§ 1425º,conteudo 1425,591
1426,§ 1426º,conteudo 1426,1036
1427,§ 1427º,conteudo 1427,179
1428,§ 1428º,conteudo 1428,40
1429,§ 1429º,conteudo 1429,1286
1430,§ 1430º,conteudo 1430,383
1431,§ 1431º,conteudo 1431,185
1432,§ 1432º,conteudo 1432,1083
1433,§ 1433º,conteudo 1433,378
1434,§ 1434º,conteudo 1434,907
1435,§ 1435º,conteudo 1435,822
1436,§ 1436º,conteudo 1436,1326
1437,§ 1437º,conteudo 1437,954
1438,§ 1438º,conteudo 1438,1097
1439,§ 1439º,conteudo 1439,1304
1440,§ 1440º,conteudo 1440,680
1441,§ 1441º,conteudo 1441,1381
1442,§ 1442º,conteudo 1442,178
1443,§ 1443º,conteudo 1443,284
1444,§ 1444º,conteudo 1444,542
1445,§ 1445º,conteudo 1445,680
1446,§ 1446º,conteudo 1446,1155
1447,§ 1447º,conteudo 1447,690
1448,§ 1448º,conteudo 1448,1462
1449,§ 1449º,conteudo 1449,1125
1450,§ 1450º,conteudo 1450,987
1451,§ 1451º,conteudo 1451,760
1452,§ 1452º,conteudo 1452,470
1453,§ 1453º,conteudo 1453,130
1454,§ 1454º,conteudo 1454,462
1455,§ 1455º,conteudo 1455,1473
1456,§ 1456º,conteudo 1456,147
1457,§ 1457º,conteudo 1457,1469
1458,§ 1458º,conteudo 1458,548
1459,§ 1459º,conteudo 1459,1080
1460,§ 1460º,conteudo 1460,1094
1461,§ 1461º,conteudo 1461,335
1462,§ 1462º,conteudo 1462,989
1463,§ 1463º,conteudo 1463,1472
1464,§ 1464º,conteudo 1464,564
1465,§ 1465º,conteudo 1465,1450
1466,§ 1466º,conteudo 1466,371
1467,§ 1467º,conteudo 1467,746
1468,§ 1468º,conteudo 1468,764
1469,§ 1469º,conteudo 1469,277
1470,§ 1470º,conteudo 1470,883
1471,§ 1471º,conteudo 1471,520
1472,§ 1472º,conteudo 1472,730
1473,§ 1473º,conteudo 1473,1321
1474,§ 1474º,conteudo 1474,35
1475,§ 1475º,conteudo 1475,724
1476,§ 1476º,conteudo 1476,885
1477,§ 1477º,conteudo 1477,1289
1478,§ 1478º,conteudo 1478,1474
1479,§ 1479º,conteudo 1479,751
1480,§ 1480º,conteudo 1480,586
1481,§ 1481º,conteudo 1481,358
1482,§ 1482º,conteudo 1482,202
1483,§ 1483º,conteudo 1483,656
1484,§ 1484º,conteudo 1484,309
1485,§ 1485º,conteudo 1485,629
1486,§ 1486º,conteudo 1486,11
1487,§ 1487º,conteudo 1487,1395
1488,§ 1488º,conteudo 1488,314
1489,§ 1489º,conteudo 1489,1049
1490,§ 1490º,conteudo 1490,224
1491,§ 1491º,conteudo 1491,317
1492,§ 1492º,conteudo 1492,579
1493,§ 1493º,conteudo 1493,78
1494,§ 1494º,conteudo 1494,856
1495,§ 1495º,conteudo 1495,1025
1496,§ 1496º,conteudo 1496,1280
1497,§ 1497º,conteudo 1497,926
1498,§ 1498º,conteudo 1498,1420
1499,§ 1499º,conteudo 1499,203
1500,§ 1500º,conteudo 1500,1174
